Workbook

Sheet Config
A1: Key | B1: Value
A2: SnapshotDate | B2: 46064

Sheet Episodes
A1: Season | B1: Episode # | C1: Guest
A2: 0 | B2: 0 | C2: Teaser
A3: 1 | B3: 1 | C3: C. De Jaeger
A4: 1 | B4: 2 | C4: T. Dusautoir
A5: 1 | B5: 3 | C5: M. Leboyer
A6: 1 | B6: 4 | C6: T. Cambon
A7: 1 | B7: 5 | C7: M. Cazeneuve
A8: 2 | B8: 6 | C8: J. Debbouze & Dr. Panichelli
A9: 2 | B9: 7 | C9: Prof. Goldman
A10: 2 | B10: 8 | C10: B. Dautzenberg
A11: 2 | B11: 9 | C11: M. Touvier
A12: 2 | B12: 10 | C12: P. Lemoine
A13: 3 | B13: 11 | C13: Maître Wang
... A20: 4 | B20: 18 | C20: Pr. Sofiane Bentifallah

Sheet Summary_By_Season
A1: Season | B1: YT Long Views | C1: YT Long Impressions | D1: YT Shorts Views | E1: YT Shorts Impressions | F1: YT Total Views (Long+Shorts) | G1: Audio DL Total | H1: TikTok Views | I1: Instagram Views | J1: Blog views | K1: LinkedIn Impressions | L1: LinkedIn Likes | M1: LinkedIn Comments | N1: LinkedIn Shares/Reposts
A2: =IFERROR(__xludf.DUMMYFUNCTION("SORT(UNIQUE(FILTER(Episodes!A2:A1000, Episodes!A2:A1000<>"""")))"),0.0) -> 0 | B2: =IF($A2="","",SUMIF(Summary_By_Episode!A:A,$A2,Summary_By_Episode!D:D)) -> 864 | C2: =IF($A2="","",SUMIF(Summary_By_Episode!A:A,$A2,Summary_By_Episode!E:E)) -> 7688 | D2: =IF($A2="","",SUMIF(Summary_By_Episode!A:A,$A2,Summary_By_Episode!H:H)) -> 0 | E2: =IF($A2="","",SUMIF(Summary_By_Episode!A:A,$A2,Summary_By_Episode!I:I)) -> 0 | F2: =B2+D2 -> 864 | G2: =IF($A2="","",SUMIF(Summary_By_Episode!$A:$A,$A2,Summary_By_Episode!$K:$K)) -> 88 | H2: =IF($A2="","",SUMIF(Summary_By_Episode!A:A,$A2,Summary_By_Episode!M:M)) -> 665 | I2: =IF($A2="","",SUMIF(Summary_By_Episode!A:A,$A2,Summary_By_Episode!O:O)) -> 294 | J2: =IF($A2="","",SUMIF(Summary_By_Episode!A:A,$A2,Summary_By_Episode!P:P)) -> 0 | K2: =IF($A2="","",SUMIF(Summary_By_Episode!A:A,$A2,Summary_By_Episode!R:R)) -> 0 | L2: =IF($A2="","",SUMIF(Summary_By_Episode!A:A,$A2,Summary_By_Episode!S:S)) -> 0 | M2: =IF($A2="","",SUMIF(Summary_By_Episode!A:A,$A2,Summary_By_Episode!T:T)) -> 0 | N2: =IF($A2="","",SUMIF(Summary_By_Episode!A:A,$A2,Summary_By_Episode!U:U)) -> 0
A3: =IFERROR(__xludf.DUMMYFUNCTION("""COMPUTED_VALUE"""),1.0) -> 1 | B3: =IF($A3="","",SUMIF(Summary_By_Episode!A:A,$A3,Summary_By_Episode!D:D)) -> 63469 | C3: =IF($A3="","",SUMIF(Summary_By_Episode!A:A,$A3,Summary_By_Episode!E:E)) -> 848631 | D3: =IF($A3="","",SUMIF(Summary_By_Episode!A:A,$A3,Summary_By_Episode!H:H)) -> 171265 | E3: =IF($A3="","",SUMIF(Summary_By_Episode!A:A,$A3,Summary_By_Episode!I:I)) -> 243621 | F3: =B3+D3 -> 234734 | G3: =IF($A3="","",SUMIF(Summary_By_Episode!$A:$A,$A3,Summary_By_Episode!$K:$K)) -> 2776 | H3: =IF($A3="","",SUMIF(Summary_By_Episode!A:A,$A3,Summary_By_Episode!M:M)) -> 146020 | I3: =IF($A3="","",SUMIF(Summary_By_Episode!A:A,$A3,Summary_By_Episode!O:O)) -> 72150 | J3: =IF($A3="","",SUMIF(Summary_By_Episode!A:A,$A3,Summary_By_Episode!P:P)) -> 2694 | K3: =IF($A3="","",SUMIF(Summary_By_Episode!A:A,$A3,Summary_By_Episode!R:R)) -> 0 | L3: =IF($A3="","",SUMIF(Summary_By_Episode!A:A,$A3,Summary_By_Episode!S:S)) -> 0 | M3: =IF($A3="","",SUMIF(Summary_By_Episode!A:A,$A3,Summary_By_Episode!T:T)) -> 0 | N3: =IF($A3="","",SUMIF(Summary_By_Episode!A:A,$A3,Summary_By_Episode!U:U)) -> 0
A4: =IFERROR(__xludf.DUMMYFUNCTION("""COMPUTED_VALUE"""),2.0) -> 2 | B4: =IF($A4="","",SUMIF(Summary_By_Episode!A:A,$A4,Summary_By_Episode!D:D)) -> 150901 | C4: =IF($A4="","",SUMIF(Summary_By_Episode!A:A,$A4,Summary_By_Episode!E:E)) -> 1898599 | D4: =IF($A4="","",SUMIF(Summary_By_Episode!A:A,$A4,Summary_By_Episode!H:H)) -> 347320 | E4: =IF($A4="","",SUMIF(Summary_By_Episode!A:A,$A4,Summary_By_Episode!I:I)) -> 473107 | F4: =B4+D4 -> 498221 | G4: =IF($A4="","",SUMIF(Summary_By_Episode!$A:$A,$A4,Summary_By_Episode!$K:$K)) -> 2798 | H4: =IF($A4="","",SUMIF(Summary_By_Episode!A:A,$A4,Summary_By_Episode!M:M)) -> 54952 | I4: =IF($A4="","",SUMIF(Summary_By_Episode!A:A,$A4,Summary_By_Episode!O:O)) -> 16614 | J4: =IF($A4="","",SUMIF(Summary_By_Episode!A:A,$A4,Summary_By_Episode!P:P)) -> 1524 | K4: =IF($A4="","",SUMIF(Summary_By_Episode!A:A,$A4,Summary_By_Episode!R:R)) -> 0 | L4: =IF($A4="","",SUMIF(Summary_By_Episode!A:A,$A4,Summary_By_Episode!S:S)) -> 0 | M4: =IF($A4="","",SUMIF(Summary_By_Episode!A:A,$A4,Summary_By_Episode!T:T)) -> 0 | N4: =IF($A4="","",SUMIF(Summary_By_Episode!A:A,$A4,Summary_By_Episode!U:U)) -> 0
A5: =IFERROR(__xludf.DUMMYFUNCTION("""COMPUTED_VALUE"""),3.0) -> 3 | B5: =IF($A5="","",SUMIF(Summary_By_Episode!A:A,$A5,Summary_By_Episode!D:D)) -> 188315 | C5: =IF($A5="","",SUMIF(Summary_By_Episode!A:A,$A5,Summary_By_Episode!E:E)) -> 3073636 | D5: =IF($A5="","",SUMIF(Summary_By_Episode!A:A,$A5,Summary_By_Episode!H:H)) -> 32016 | E5: =IF($A5="","",SUMIF(Summary_By_Episode!A:A,$A5,Summary_By_Episode!I:I)) -> 239143 | F5: =B5+D5 -> 220331 | G5: =IF($A5="","",SUMIF(Summary_By_Episode!$A:$A,$A5,Summary_By_Episode!$K:$K)) -> 2790 | H5: =IF($A5="","",SUMIF(Summary_By_Episode!A:A,$A5,Summary_By_Episode!M:M)) -> 10529 | I5: =IF($A5="","",SUMIF(Summary_By_Episode!A:A,$A5,Summary_By_Episode!O:O)) -> 14900 | J5: =IF($A5="","",SUMIF(Summary_By_Episode!A:A,$A5,Summary_By_Episode!P:P)) -> 827 | K5: =IF($A5="","",SUMIF(Summary_By_Episode!A:A,$A5,Summary_By_Episode!R:R)) -> 0 | L5: =IF($A5="","",SUMIF(Summary_By_Episode!A:A,$A5,Summary_By_Episode!S:S)) -> 0 | M5: =IF($A5="","",SUMIF(Summary_By_Episode!A:A,$A5,Summary_By_Episode!T:T)) -> 0 | N5: =IF($A5="","",SUMIF(Summary_By_Episode!A:A,$A5,Summary_By_Episode!U:U)) -> 0
A6: =IFERROR(__xludf.DUMMYFUNCTION("""COMPUTED_VALUE"""),4.0) -> 4 | B6: =IF($A6="","",SUMIF(Summary_By_Episode!A:A,$A6,Summary_By_Episode!D:D)) -> 116927 | C6: =IF($A6="","",SUMIF(Summary_By_Episode!A:A,$A6,Summary_By_Episode!E:E)) -> 1818241 | D6: =IF($A6="","",SUMIF(Summary_By_Episode!A:A,$A6,Summary_By_Episode!H:H)) -> 27025 | E6: =IF($A6="","",SUMIF(Summary_By_Episode!A:A,$A6,Summary_By_Episode!I:I)) -> 70628 | F6: =B6+D6 -> 143952 | G6: =IF($A6="","",SUMIF(Summary_By_Episode!$A:$A,$A6,Summary_By_Episode!$K:$K)) -> 1361 | H6: =IF($A6="","",SUMIF(Summary_By_Episode!A:A,$A6,Summary_By_Episode!M:M)) -> 5374 | I6: =IF($A6="","",SUMIF(Summary_By_Episode!A:A,$A6,Summary_By_Episode!O:O)) -> 12873 | J6: =IF($A6="","",SUMIF(Summary_By_Episode!A:A,$A6,Summary_By_Episode!P:P)) -> 135 | K6: =IF($A6="","",SUMIF(Summary_By_Episode!A:A,$A6,Summary_By_Episode!R:R)) -> 0 | L6: =IF($A6="","",SUMIF(Summary_By_Episode!A:A,$A6,Summary_By_Episode!S:S)) -> 0 | M6: =IF($A6="","",SUMIF(Summary_By_Episode!A:A,$A6,Summary_By_Episode!T:T)) -> 0 | N6: =IF($A6="","",SUMIF(Summary_By_Episode!A:A,$A6,Summary_By_Episode!U:U)) -> 0
B7: =IF($A7="","",SUMIF(Summary_By_Episode!A:A,$A7,Summary_By_Episode!D:D)) | C7: =IF($A7="","",SUMIF(Summary_By_Episode!A:A,$A7,Summary_By_Episode!E:E)) | D7: =IF($A7="","",SUMIF(Summary_By_Episode!A:A,$A7,Summary_By_Episode!H:H)) | E7: =IF($A7="","",SUMIF(Summary_By_Episode!A:A,$A7,Summary_By_Episode!I:I)) | F7: =IF($A7="","",SUMIF(Summary_By_Episode!A:A,$A7,Summary_By_Episode!J:J)) | G7: =IF($A7="","",SUMIF(Summary_By_Episode!A:A,$A7,#REF!)) | H7: =IF($A7="","",SUMIF(Summary_By_Episode!A:A,$A7,Summary_By_Episode!M:M)) | I7: =IF($A7="","",SUMIF(Summary_By_Episode!A:A,$A7,Summary_By_Episode!O:O)) | J7: =IF($A7="","",SUMIF(Summary_By_Episode!A:A,$A7,Summary_By_Episode!P:P)) | K7: =IF($A7="","",SUMIF(Summary_By_Episode!A:A,$A7,Summary_By_Episode!R:R)) | L7: =IF($A7="","",SUMIF(Summary_By_Episode!A:A,$A7,Summary_By_Episode!S:S)) | M7: =IF($A7="","",SUMIF(Summary_By_Episode!A:A,$A7,Summary_By_Episode!T:T)) | N7: =IF($A7="","",SUMIF(Summary_By_Episode!A:A,$A7,Summary_By_Episode!U:U))
B8: =IF($A8="","",SUMIF(Summary_By_Episode!A:A,$A8,Summary_By_Episode!D:D)) | C8: =IF($A8="","",SUMIF(Summary_By_Episode!A:A,$A8,Summary_By_Episode!E:E)) | D8: =IF($A8="","",SUMIF(Summary_By_Episode!A:A,$A8,Summary_By_Episode!H:H)) | E8: =IF($A8="","",SUMIF(Summary_By_Episode!A:A,$A8,Summary_By_Episode!I:I)) | F8: =IF($A8="","",SUMIF(Summary_By_Episode!A:A,$A8,Summary_By_Episode!J:J)) | G8: =IF($A8="","",SUMIF(Summary_By_Episode!A:A,$A8,#REF!)) | H8: =IF($A8="","",SUMIF(Summary_By_Episode!A:A,$A8,Summary_By_Episode!M:M)) | I8: =IF($A8="","",SUMIF(Summary_By_Episode!A:A,$A8,Summary_By_Episode!O:O)) | J8: =IF($A8="","",SUMIF(Summary_By_Episode!A:A,$A8,Summary_By_Episode!P:P)) | K8: =IF($A8="","",SUMIF(Summary_By_Episode!A:A,$A8,Summary_By_Episode!R:R)) | L8: =IF($A8="","",SUMIF(Summary_By_Episode!A:A,$A8,Summary_By_Episode!S:S)) | M8: =IF($A8="","",SUMIF(Summary_By_Episode!A:A,$A8,Summary_By_Episode!T:T)) | N8: =IF($A8="","",SUMIF(Summary_By_Episode!A:A,$A8,Summary_By_Episode!U:U))
B9: =IF($A9="","",SUMIF(Summary_By_Episode!A:A,$A9,Summary_By_Episode!D:D)) | C9: =IF($A9="","",SUMIF(Summary_By_Episode!A:A,$A9,Summary_By_Episode!E:E)) | D9: =IF($A9="","",SUMIF(Summary_By_Episode!A:A,$A9,Summary_By_Episode!H:H)) | E9: =IF($A9="","",SUMIF(Summary_By_Episode!A:A,$A9,Summary_By_Episode!I:I)) | F9: =IF($A9="","",SUMIF(Summary_By_Episode!A:A,$A9,Summary_By_Episode!J:J)) | G9: =IF($A9="","",SUMIF(Summary_By_Episode!A:A,$A9,#REF!)) | H9: =IF($A9="","",SUMIF(Summary_By_Episode!A:A,$A9,Summary_By_Episode!M:M)) | I9: =IF($A9="","",SUMIF(Summary_By_Episode!A:A,$A9,Summary_By_Episode!O:O)) | J9: =IF($A9="","",SUMIF(Summary_By_Episode!A:A,$A9,Summary_By_Episode!P:P)) | K9: =IF($A9="","",SUMIF(Summary_By_Episode!A:A,$A9,Summary_By_Episode!R:R)) | L9: =IF($A9="","",SUMIF(Summary_By_Episode!A:A,$A9,Summary_By_Episode!S:S)) | M9: =IF($A9="","",SUMIF(Summary_By_Episode!A:A,$A9,Summary_By_Episode!T:T)) | N9: =IF($A9="","",SUMIF(Summary_By_Episode!A:A,$A9,Summary_By_Episode!U:U))
B10: =IF($A10="","",SUMIF(Summary_By_Episode!A:A,$A10,Summary_By_Episode!D:D)) | C10: =IF($A10="","",SUMIF(Summary_By_Episode!A:A,$A10,Summary_By_Episode!E:E)) | D10: =IF($A10="","",SUMIF(Summary_By_Episode!A:A,$A10,Summary_By_Episode!H:H)) | E10: =IF($A10="","",SUMIF(Summary_By_Episode!A:A,$A10,Summary_By_Episode!I:I)) | F10: =IF($A10="","",SUMIF(Summary_By_Episode!A:A,$A10,Summary_By_Episode!J:J)) | G10: =IF($A10="","",SUMIF(Summary_By_Episode!A:A,$A10,#REF!)) | H10: =IF($A10="","",SUMIF(Summary_By_Episode!A:A,$A10,Summary_By_Episode!M:M)) | I10: =IF($A10="","",SUMIF(Summary_By_Episode!A:A,$A10,Summary_By_Episode!O:O)) | J10: =IF($A10="","",SUMIF(Summary_By_Episode!A:A,$A10,Summary_By_Episode!P:P)) | K10: =IF($A10="","",SUMIF(Summary_By_Episode!A:A,$A10,Summary_By_Episode!R:R)) | L10: =IF($A10="","",SUMIF(Summary_By_Episode!A:A,$A10,Summary_By_Episode!S:S)) | M10: =IF($A10="","",SUMIF(Summary_By_Episode!A:A,$A10,Summary_By_Episode!T:T)) | N10: =IF($A10="","",SUMIF(Summary_By_Episode!A:A,$A10,Summary_By_Episode!U:U))
B11: =IF($A11="","",SUMIF(Summary_By_Episode!A:A,$A11,Summary_By_Episode!D:D)) | C11: =IF($A11="","",SUMIF(Summary_By_Episode!A:A,$A11,Summary_By_Episode!E:E)) | D11: =IF($A11="","",SUMIF(Summary_By_Episode!A:A,$A11,Summary_By_Episode!H:H)) | E11: =IF($A11="","",SUMIF(Summary_By_Episode!A:A,$A11,Summary_By_Episode!I:I)) | F11: =IF($A11="","",SUMIF(Summary_By_Episode!A:A,$A11,Summary_By_Episode!J:J)) | G11: =IF($A11="","",SUMIF(Summary_By_Episode!A:A,$A11,#REF!)) | H11: =IF($A11="","",SUMIF(Summary_By_Episode!A:A,$A11,Summary_By_Episode!M:M)) | I11: =IF($A11="","",SUMIF(Summary_By_Episode!A:A,$A11,Summary_By_Episode!O:O)) | J11: =IF($A11="","",SUMIF(Summary_By_Episode!A:A,$A11,Summary_By_Episode!P:P)) | K11: =IF($A11="","",SUMIF(Summary_By_Episode!A:A,$A11,Summary_By_Episode!R:R)) | L11: =IF($A11="","",SUMIF(Summary_By_Episode!A:A,$A11,Summary_By_Episode!S:S)) | M11: =IF($A11="","",SUMIF(Summary_By_Episode!A:A,$A11,Summary_By_Episode!T:T)) | N11: =IF($A11="","",SUMIF(Summary_By_Episode!A:A,$A11,Summary_By_Episode!U:U))
B12: =IF($A12="","",SUMIF(Summary_By_Episode!A:A,$A12,Summary_By_Episode!D:D)) | C12: =IF($A12="","",SUMIF(Summary_By_Episode!A:A,$A12,Summary_By_Episode!E:E)) | D12: =IF($A12="","",SUMIF(Summary_By_Episode!A:A,$A12,Summary_By_Episode!H:H)) | E12: =IF($A12="","",SUMIF(Summary_By_Episode!A:A,$A12,Summary_By_Episode!I:I)) | F12: =IF($A12="","",SUMIF(Summary_By_Episode!A:A,$A12,Summary_By_Episode!J:J)) | G12: =IF($A12="","",SUMIF(Summary_By_Episode!A:A,$A12,#REF!)) | H12: =IF($A12="","",SUMIF(Summary_By_Episode!A:A,$A12,Summary_By_Episode!M:M)) | I12: =IF($A12="","",SUMIF(Summary_By_Episode!A:A,$A12,Summary_By_Episode!O:O)) | J12: =IF($A12="","",SUMIF(Summary_By_Episode!A:A,$A12,Summary_By_Episode!P:P)) | K12: =IF($A12="","",SUMIF(Summary_By_Episode!A:A,$A12,Summary_By_Episode!R:R)) | L12: =IF($A12="","",SUMIF(Summary_By_Episode!A:A,$A12,Summary_By_Episode!S:S)) | M12: =IF($A12="","",SUMIF(Summary_By_Episode!A:A,$A12,Summary_By_Episode!T:T)) | N12: =IF($A12="","",SUMIF(Summary_By_Episode!A:A,$A12,Summary_By_Episode!U:U))
B13: =IF($A13="","",SUMIF(Summary_By_Episode!A:A,$A13,Summary_By_Episode!D:D)) | C13: =IF($A13="","",SUMIF(Summary_By_Episode!A:A,$A13,Summary_By_Episode!E:E)) | D13: =IF($A13="","",SUMIF(Summary_By_Episode!A:A,$A13,Summary_By_Episode!H:H)) | E13: =IF($A13="","",SUMIF(Summary_By_Episode!A:A,$A13,Summary_By_Episode!I:I)) | F13: =IF($A13="","",SUMIF(Summary_By_Episode!A:A,$A13,Summary_By_Episode!J:J)) | G13: =IF($A13="","",SUMIF(Summary_By_Episode!A:A,$A13,#REF!)) | H13: =IF($A13="","",SUMIF(Summary_By_Episode!A:A,$A13,Summary_By_Episode!M:M)) | I13: =IF($A13="","",SUMIF(Summary_By_Episode!A:A,$A13,Summary_By_Episode!O:O)) | J13: =IF($A13="","",SUMIF(Summary_By_Episode!A:A,$A13,Summary_By_Episode!P:P)) | K13: =IF($A13="","",SUMIF(Summary_By_Episode!A:A,$A13,Summary_By_Episode!R:R)) | L13: =IF($A13="","",SUMIF(Summary_By_Episode!A:A,$A13,Summary_By_Episode!S:S)) | M13: =IF($A13="","",SUMIF(Summary_By_Episode!A:A,$A13,Summary_By_Episode!T:T)) | N13: =IF($A13="","",SUMIF(Summary_By_Episode!A:A,$A13,Summary_By_Episode!U:U))
B14: =IF($A14="","",SUMIF(Summary_By_Episode!A:A,$A14,Summary_By_Episode!D:D)) | C14: =IF($A14="","",SUMIF(Summary_By_Episode!A:A,$A14,Summary_By_Episode!E:E)) | D14: =IF($A14="","",SUMIF(Summary_By_Episode!A:A,$A14,Summary_By_Episode!H:H)) | E14: =IF($A14="","",SUMIF(Summary_By_Episode!A:A,$A14,Summary_By_Episode!I:I)) | F14: =IF($A14="","",SUMIF(Summary_By_Episode!A:A,$A14,Summary_By_Episode!J:J)) | G14: =IF($A14="","",SUMIF(Summary_By_Episode!A:A,$A14,#REF!)) | H14: =IF($A14="","",SUMIF(Summary_By_Episode!A:A,$A14,Summary_By_Episode!M:M)) | I14: =IF($A14="","",SUMIF(Summary_By_Episode!A:A,$A14,Summary_By_Episode!O:O)) | J14: =IF($A14="","",SUMIF(Summary_By_Episode!A:A,$A14,Summary_By_Episode!P:P)) | K14: =IF($A14="","",SUMIF(Summary_By_Episode!A:A,$A14,Summary_By_Episode!R:R)) | L14: =IF($A14="","",SUMIF(Summary_By_Episode!A:A,$A14,Summary_By_Episode!S:S)) | M14: =IF($A14="","",SUMIF(Summary_By_Episode!A:A,$A14,Summary_By_Episode!T:T)) | N14: =IF($A14="","",SUMIF(Summary_By_Episode!A:A,$A14,Summary_By_Episode!U:U))
B15: =IF($A15="","",SUMIF(Summary_By_Episode!A:A,$A15,Summary_By_Episode!D:D)) | C15: =IF($A15="","",SUMIF(Summary_By_Episode!A:A,$A15,Summary_By_Episode!E:E)) | D15: =IF($A15="","",SUMIF(Summary_By_Episode!A:A,$A15,Summary_By_Episode!H:H)) | E15: =IF($A15="","",SUMIF(Summary_By_Episode!A:A,$A15,Summary_By_Episode!I:I)) | F15: =IF($A15="","",SUMIF(Summary_By_Episode!A:A,$A15,Summary_By_Episode!J:J)) | G15: =IF($A15="","",SUMIF(Summary_By_Episode!A:A,$A15,#REF!)) | H15: =IF($A15="","",SUMIF(Summary_By_Episode!A:A,$A15,Summary_By_Episode!M:M)) | I15: =IF($A15="","",SUMIF(Summary_By_Episode!A:A,$A15,Summary_By_Episode!O:O)) | J15: =IF($A15="","",SUMIF(Summary_By_Episode!A:A,$A15,Summary_By_Episode!P:P)) | K15: =IF($A15="","",SUMIF(Summary_By_Episode!A:A,$A15,Summary_By_Episode!R:R)) | L15: =IF($A15="","",SUMIF(Summary_By_Episode!A:A,$A15,Summary_By_Episode!S:S)) | M15: =IF($A15="","",SUMIF(Summary_By_Episode!A:A,$A15,Summary_By_Episode!T:T)) | N15: =IF($A15="","",SUMIF(Summary_By_Episode!A:A,$A15,Summary_By_Episode!U:U))
B16: =IF($A16="","",SUMIF(Summary_By_Episode!A:A,$A16,Summary_By_Episode!D:D)) | C16: =IF($A16="","",SUMIF(Summary_By_Episode!A:A,$A16,Summary_By_Episode!E:E)) | D16: =IF($A16="","",SUMIF(Summary_By_Episode!A:A,$A16,Summary_By_Episode!H:H)) | E16: =IF($A16="","",SUMIF(Summary_By_Episode!A:A,$A16,Summary_By_Episode!I:I)) | F16: =IF($A16="","",SUMIF(Summary_By_Episode!A:A,$A16,Summary_By_Episode!J:J)) | G16: =IF($A16="","",SUMIF(Summary_By_Episode!A:A,$A16,#REF!)) | H16: =IF($A16="","",SUMIF(Summary_By_Episode!A:A,$A16,Summary_By_Episode!M:M)) | I16: =IF($A16="","",SUMIF(Summary_By_Episode!A:A,$A16,Summary_By_Episode!O:O)) | J16: =IF($A16="","",SUMIF(Summary_By_Episode!A:A,$A16,Summary_By_Episode!P:P)) | K16: =IF($A16="","",SUMIF(Summary_By_Episode!A:A,$A16,Summary_By_Episode!R:R)) | L16: =IF($A16="","",SUMIF(Summary_By_Episode!A:A,$A16,Summary_By_Episode!S:S)) | M16: =IF($A16="","",SUMIF(Summary_By_Episode!A:A,$A16,Summary_By_Episode!T:T)) | N16: =IF($A16="","",SUMIF(Summary_By_Episode!A:A,$A16,Summary_By_Episode!U:U))
B17: =IF($A17="","",SUMIF(Summary_By_Episode!A:A,$A17,Summary_By_Episode!D:D)) | C17: =IF($A17="","",SUMIF(Summary_By_Episode!A:A,$A17,Summary_By_Episode!E:E)) | D17: =IF($A17="","",SUMIF(Summary_By_Episode!A:A,$A17,Summary_By_Episode!H:H)) | E17: =IF($A17="","",SUMIF(Summary_By_Episode!A:A,$A17,Summary_By_Episode!I:I)) | F17: =IF($A17="","",SUMIF(Summary_By_Episode!A:A,$A17,Summary_By_Episode!J:J)) | G17: =IF($A17="","",SUMIF(Summary_By_Episode!A:A,$A17,#REF!)) | H17: =IF($A17="","",SUMIF(Summary_By_Episode!A:A,$A17,Summary_By_Episode!M:M)) | I17: =IF($A17="","",SUMIF(Summary_By_Episode!A:A,$A17,Summary_By_Episode!O:O)) | J17: =IF($A17="","",SUMIF(Summary_By_Episode!A:A,$A17,Summary_By_Episode!P:P)) | K17: =IF($A17="","",SUMIF(Summary_By_Episode!A:A,$A17,Summary_By_Episode!R:R)) | L17: =IF($A17="","",SUMIF(Summary_By_Episode!A:A,$A17,Summary_By_Episode!S:S)) | M17: =IF($A17="","",SUMIF(Summary_By_Episode!A:A,$A17,Summary_By_Episode!T:T)) | N17: =IF($A17="","",SUMIF(Summary_By_Episode!A:A,$A17,Summary_By_Episode!U:U))
B18: =IF($A18="","",SUMIF(Summary_By_Episode!A:A,$A18,Summary_By_Episode!D:D)) | C18: =IF($A18="","",SUMIF(Summary_By_Episode!A:A,$A18,Summary_By_Episode!E:E)) | D18: =IF($A18="","",SUMIF(Summary_By_Episode!A:A,$A18,Summary_By_Episode!H:H)) | E18: =IF($A18="","",SUMIF(Summary_By_Episode!A:A,$A18,Summary_By_Episode!I:I)) | F18: =IF($A18="","",SUMIF(Summary_By_Episode!A:A,$A18,Summary_By_Episode!J:J)) | G18: =IF($A18="","",SUMIF(Summary_By_Episode!A:A,$A18,#REF!)) | H18: =IF($A18="","",SUMIF(Summary_By_Episode!A:A,$A18,Summary_By_Episode!M:M)) | I18: =IF($A18="","",SUMIF(Summary_By_Episode!A:A,$A18,Summary_By_Episode!O:O)) | J18: =IF($A18="","",SUMIF(Summary_By_Episode!A:A,$A18,Summary_By_Episode!P:P)) | K18: =IF($A18="","",SUMIF(Summary_By_Episode!A:A,$A18,Summary_By_Episode!R:R)) | L18: =IF($A18="","",SUMIF(Summary_By_Episode!A:A,$A18,Summary_By_Episode!S:S)) | M18: =IF($A18="","",SUMIF(Summary_By_Episode!A:A,$A18,Summary_By_Episode!T:T)) | N18: =IF($A18="","",SUMIF(Summary_By_Episode!A:A,$A18,Summary_By_Episode!U:U))
... B51: =IF($A51="","",SUMIF(Summary_By_Episode!A:A,$A51,Summary_By_Episode!D:D)) | C51: =IF($A51="","",SUMIF(Summary_By_Episode!A:A,$A51,Summary_By_Episode!E:E)) | D51: =IF($A51="","",SUMIF(Summary_By_Episode!A:A,$A51,Summary_By_Episode!H:H)) | E51: =IF($A51="","",SUMIF(Summary_By_Episode!A:A,$A51,Summary_By_Episode!I:I)) | F51: =IF($A51="","",SUMIF(Summary_By_Episode!A:A,$A51,Summary_By_Episode!J:J)) | G51: =IF($A51="","",SUMIF(Summary_By_Episode!A:A,$A51,#REF!)) | H51: =IF($A51="","",SUMIF(Summary_By_Episode!A:A,$A51,Summary_By_Episode!M:M)) | I51: =IF($A51="","",SUMIF(Summary_By_Episode!A:A,$A51,Summary_By_Episode!O:O)) | J51: =IF($A51="","",SUMIF(Summary_By_Episode!A:A,$A51,Summary_By_Episode!P:P)) | K51: =IF($A51="","",SUMIF(Summary_By_Episode!A:A,$A51,Summary_By_Episode!R:R)) | L51: =IF($A51="","",SUMIF(Summary_By_Episode!A:A,$A51,Summary_By_Episode!S:S)) | M51: =IF($A51="","",SUMIF(Summary_By_Episode!A:A,$A51,Summary_By_Episode!T:T)) | N51: =IF($A51="","",SUMIF(Summary_By_Episode!A:A,$A51,Summary_By_Episode!U:U))

Sheet Summary_By_Episode
A1: Season | B1: Episode # | C1: Guest | D1: Total YT Long Views | E1: Total YT Long Impressions | F1: YT Long CTR% | G1: # YT Shorts | H1: YT Shorts Views | I1: YT Shorts Impressions | J1: YT Total Views (Long+Shorts) | K1: Total audio downloads | L1: TikTok Posts (#) | M1: TikTok Views | N1: Instagram Posts (#) | O1: Instagram Views | P1: Website Views | Q1: LinkedIn Posts (#) | R1: LinkedIn Impressions | S1: LinkedIn Likes | T1: LinkedIn Comments | U1: LinkedIn Shares/Reposts
A2: {=IF(Episodes!A2:A1000="","",Episodes!A2:A1000)} -> 0 | B2: {=IF(Episodes!B2:B1000="","",Episodes!B2:B1000)} -> 0 | C2: {=IF(Episodes!A2:A1000="","",Episodes!C2:C1000)} -> Teaser | D2: =IF($A2="","",SUMIFS(YouTube_Long!G:G,YouTube_Long!A:A,$A2,YouTube_Long!B:B,$B2)) -> 864 | E2: =IF($A2="","",SUMIFS(YouTube_Long!H:H,YouTube_Long!A:A,$A2,YouTube_Long!B:B,$B2)) -> 7688 | F2: =IF($A2="","",SUMIFS(YouTube_Long!I:I,YouTube_Long!A:A,$A2,YouTube_Long!B:B,$B2)) -> 0.051 | G2: =YouTube_Shorts!D2 -> 0 | H2: =IF($A2="","",SUMIFS(YouTube_Shorts!F:F,YouTube_Shorts!A:A,$A2,YouTube_Shorts!B:B,$B2)) -> 0 | I2: =IF($A2="","",SUMIFS(YouTube_Shorts!G:G,YouTube_Shorts!A:A,$A2,YouTube_Shorts!B:B,$B2)) -> 0 | J2: =IF($A2="","",$D2+$H2) -> 864 | K2: =Audio!F2 -> 88 | L2: =TikTok_Posts!E2 -> 1 | M2: =IF($A2="","",SUMIFS(TikTok_Posts!G:G,TikTok_Posts!A:A,$A2,TikTok_Posts!B:B,$B2)) -> 665 | N2: =Instagram_Posts!D2 -> 1 | O2: =IF($A2="","",SUMIFS(Instagram_Posts!E:E,Instagram_Posts!A:A,$A2,Instagram_Posts!B:B,$B2)) -> 294 | P2: =Blog!E2 | Q2: =IF($A2="","",COUNTIFS(LinkedIn_Posts!A:A,$A2,LinkedIn_Posts!B:B,$B2)) -> 1 | R2: =IF($A2="","",SUMIFS(LinkedIn_Posts!F:F,LinkedIn_Posts!A:A,$A2,LinkedIn_Posts!B:B,$B2)) -> 0 | S2: =IF($A2="","",SUMIFS(LinkedIn_Posts!G:G,LinkedIn_Posts!A:A,$A2,LinkedIn_Posts!B:B,$B2)) -> 0 | T2: =IF($A2="","",SUMIFS(LinkedIn_Posts!H:H,LinkedIn_Posts!A:A,$A2,LinkedIn_Posts!B:B,$B2)) -> 0 | U2: =IF($A2="","",SUMIFS(LinkedIn_Posts!I:I,LinkedIn_Posts!A:A,$A2,LinkedIn_Posts!B:B,$B2)) -> 0
A3: 1 | B3: 1 | C3: C. De Jaeger | D3: =IF($A3="","",SUMIFS(YouTube_Long!G:G,YouTube_Long!A:A,$A3,YouTube_Long!B:B,$B3)) -> 53630 | E3: =IF($A3="","",SUMIFS(YouTube_Long!H:H,YouTube_Long!A:A,$A3,YouTube_Long!B:B,$B3)) -> 703036 | F3: =IF($A3="","",SUMIFS(YouTube_Long!I:I,YouTube_Long!A:A,$A3,YouTube_Long!B:B,$B3)) -> 0.05 | G3: =YouTube_Shorts!D3 -> 1 | H3: =sum(YouTube_Shorts!F3,YouTube_Shorts!I3,YouTube_Shorts!L3,YouTube_Shorts!O3,YouTube_Shorts!R3,YouTube_Shorts!U3,YouTube_Shorts!X3,YouTube_Shorts!AA3) -> 105597 | I3: =sum(YouTube_Shorts!G3,YouTube_Shorts!J3,YouTube_Shorts!M3,YouTube_Shorts!P3,YouTube_Shorts!S3,YouTube_Shorts!V3,YouTube_Shorts!Y3,YouTube_Shorts!AB3) -> 213651 | J3: =IF($A3="","",$D3+$H3) -> 159227 | K3: =Audio!F3 -> 954 | L3: =TikTok_Posts!E3 -> 1 | M3: =IF($A3="","",SUMIFS(TikTok_Posts!G:G,TikTok_Posts!A:A,$A3,TikTok_Posts!B:B,$B3)) -> 779 | N3: =Instagram_Posts!D3 -> 1 | O3: =IF($A3="","",SUMIFS(Instagram_Posts!E:E,Instagram_Posts!A:A,$A3,Instagram_Posts!B:B,$B3)) -> 1400 | P3: =Blog!E3 -> 1534 | Q3: =IF($A3="","",COUNTIFS(LinkedIn_Posts!A:A,$A3,LinkedIn_Posts!B:B,$B3)) -> 1 | R3: =IF($A3="","",SUMIFS(LinkedIn_Posts!F:F,LinkedIn_Posts!A:A,$A3,LinkedIn_Posts!B:B,$B3)) -> 0 | S3: =IF($A3="","",SUMIFS(LinkedIn_Posts!G:G,LinkedIn_Posts!A:A,$A3,LinkedIn_Posts!B:B,$B3)) -> 0 | T3: =IF($A3="","",SUMIFS(LinkedIn_Posts!H:H,LinkedIn_Posts!A:A,$A3,LinkedIn_Posts!B:B,$B3)) -> 0 | U3: =IF($A3="","",SUMIFS(LinkedIn_Posts!I:I,LinkedIn_Posts!A:A,$A3,LinkedIn_Posts!B:B,$B3)) -> 0
A4: 1 | B4: 2 | C4: T. Dusautoir | D4: =IF($A4="","",SUMIFS(YouTube_Long!G:G,YouTube_Long!A:A,$A4,YouTube_Long!B:B,$B4)) -> 1301 | E4: =IF($A4="","",SUMIFS(YouTube_Long!H:H,YouTube_Long!A:A,$A4,YouTube_Long!B:B,$B4)) -> 14793 | F4: =IF($A4="","",SUMIFS(YouTube_Long!I:I,YouTube_Long!A:A,$A4,YouTube_Long!B:B,$B4)) -> 0.042 | G4: =YouTube_Shorts!D4 -> 3 | H4: =sum(YouTube_Shorts!F4,YouTube_Shorts!I4,YouTube_Shorts!L4,YouTube_Shorts!O4,YouTube_Shorts!R4,YouTube_Shorts!U4,YouTube_Shorts!X4,YouTube_Shorts!AA4) -> 63167 | I4: =sum(YouTube_Shorts!G4,YouTube_Shorts!J4,YouTube_Shorts!M4,YouTube_Shorts!P4,YouTube_Shorts!S4,YouTube_Shorts!V4,YouTube_Shorts!Y4,YouTube_Shorts!AB4) -> 18991 | J4: =IF($A4="","",$D4+$H4) -> 64468 | K4: =Audio!F4 -> 476 | L4: =TikTok_Posts!E4 -> 6 | M4: =IF($A4="","",SUMIFS(TikTok_Posts!G:G,TikTok_Posts!A:A,$A4,TikTok_Posts!B:B,$B4)) -> 142488 | N4: =Instagram_Posts!D4 -> 5 | O4: =IF($A4="","",SUMIFS(Instagram_Posts!E:E,Instagram_Posts!A:A,$A4,Instagram_Posts!B:B,$B4)) -> 67864 | P4: =Blog!E4 -> 195 | Q4: =IF($A4="","",COUNTIFS(LinkedIn_Posts!A:A,$A4,LinkedIn_Posts!B:B,$B4)) -> 1 | R4: =IF($A4="","",SUMIFS(LinkedIn_Posts!F:F,LinkedIn_Posts!A:A,$A4,LinkedIn_Posts!B:B,$B4)) -> 0 | S4: =IF($A4="","",SUMIFS(LinkedIn_Posts!G:G,LinkedIn_Posts!A:A,$A4,LinkedIn_Posts!B:B,$B4)) -> 0 | T4: =IF($A4="","",SUMIFS(LinkedIn_Posts!H:H,LinkedIn_Posts!A:A,$A4,LinkedIn_Posts!B:B,$B4)) -> 0 | U4: =IF($A4="","",SUMIFS(LinkedIn_Posts!I:I,LinkedIn_Posts!A:A,$A4,LinkedIn_Posts!B:B,$B4)) -> 0
A5: 1 | B5: 3 | C5: M. Leboyer | D5: =IF($A5="","",SUMIFS(YouTube_Long!G:G,YouTube_Long!A:A,$A5,YouTube_Long!B:B,$B5)) -> 6722 | E5: =IF($A5="","",SUMIFS(YouTube_Long!H:H,YouTube_Long!A:A,$A5,YouTube_Long!B:B,$B5)) -> 110531 | F5: =IF($A5="","",SUMIFS(YouTube_Long!I:I,YouTube_Long!A:A,$A5,YouTube_Long!B:B,$B5)) -> 0.038 | G5: =YouTube_Shorts!D5 -> 1 | H5: =sum(YouTube_Shorts!F5,YouTube_Shorts!I5,YouTube_Shorts!L5,YouTube_Shorts!O5,YouTube_Shorts!R5,YouTube_Shorts!U5,YouTube_Shorts!X5,YouTube_Shorts!AA5) -> 1256 | I5: =sum(YouTube_Shorts!G5,YouTube_Shorts!J5,YouTube_Shorts!M5,YouTube_Shorts!P5,YouTube_Shorts!S5,YouTube_Shorts!V5,YouTube_Shorts!Y5,YouTube_Shorts!AB5) -> 5730 | J5: =IF($A5="","",$D5+$H5) -> 7978 | K5: =Audio!F5 -> 438 | L5: =TikTok_Posts!E5 -> 1 | M5: =IF($A5="","",SUMIFS(TikTok_Posts!G:G,TikTok_Posts!A:A,$A5,TikTok_Posts!B:B,$B5)) -> 1426 | N5: =Instagram_Posts!D5 -> 1 | O5: =IF($A5="","",SUMIFS(Instagram_Posts!E:E,Instagram_Posts!A:A,$A5,Instagram_Posts!B:B,$B5)) -> 867 | P5: =Blog!E5 -> 433 | Q5: =IF($A5="","",COUNTIFS(LinkedIn_Posts!A:A,$A5,LinkedIn_Posts!B:B,$B5)) -> 1 | R5: =IF($A5="","",SUMIFS(LinkedIn_Posts!F:F,LinkedIn_Posts!A:A,$A5,LinkedIn_Posts!B:B,$B5)) -> 0 | S5: =IF($A5="","",SUMIFS(LinkedIn_Posts!G:G,LinkedIn_Posts!A:A,$A5,LinkedIn_Posts!B:B,$B5)) -> 0 | T5: =IF($A5="","",SUMIFS(LinkedIn_Posts!H:H,LinkedIn_Posts!A:A,$A5,LinkedIn_Posts!B:B,$B5)) -> 0 | U5: =IF($A5="","",SUMIFS(LinkedIn_Posts!I:I,LinkedIn_Posts!A:A,$A5,LinkedIn_Posts!B:B,$B5)) -> 0
A6: 1 | B6: 4 | C6: T. Cambon | D6: =IF($A6="","",SUMIFS(YouTube_Long!G:G,YouTube_Long!A:A,$A6,YouTube_Long!B:B,$B6)) -> 644 | E6: =IF($A6="","",SUMIFS(YouTube_Long!H:H,YouTube_Long!A:A,$A6,YouTube_Long!B:B,$B6)) -> 9997 | F6: =IF($A6="","",SUMIFS(YouTube_Long!I:I,YouTube_Long!A:A,$A6,YouTube_Long!B:B,$B6)) -> 0.023 | G6: =YouTube_Shorts!D6 -> 1 | H6: =sum(YouTube_Shorts!F6,YouTube_Shorts!I6,YouTube_Shorts!L6,YouTube_Shorts!O6,YouTube_Shorts!R6,YouTube_Shorts!U6,YouTube_Shorts!X6,YouTube_Shorts!AA6) -> 1245 | I6: =sum(YouTube_Shorts!G6,YouTube_Shorts!J6,YouTube_Shorts!M6,YouTube_Shorts!P6,YouTube_Shorts!S6,YouTube_Shorts!V6,YouTube_Shorts!Y6,YouTube_Shorts!AB6) -> 5249 | J6: =IF($A6="","",$D6+$H6) -> 1889 | K6: =Audio!F6 -> 351 | L6: =TikTok_Posts!E6 -> 1 | M6: =IF($A6="","",SUMIFS(TikTok_Posts!G:G,TikTok_Posts!A:A,$A6,TikTok_Posts!B:B,$B6)) -> 1327 | N6: =Instagram_Posts!D6 -> 2 | O6: =IF($A6="","",SUMIFS(Instagram_Posts!E:E,Instagram_Posts!A:A,$A6,Instagram_Posts!B:B,$B6)) -> 2019 | P6: =Blog!E6 -> 150 | Q6: =IF($A6="","",COUNTIFS(LinkedIn_Posts!A:A,$A6,LinkedIn_Posts!B:B,$B6)) -> 1 | R6: =IF($A6="","",SUMIFS(LinkedIn_Posts!F:F,LinkedIn_Posts!A:A,$A6,LinkedIn_Posts!B:B,$B6)) -> 0 | S6: =IF($A6="","",SUMIFS(LinkedIn_Posts!G:G,LinkedIn_Posts!A:A,$A6,LinkedIn_Posts!B:B,$B6)) -> 0 | T6: =IF($A6="","",SUMIFS(LinkedIn_Posts!H:H,LinkedIn_Posts!A:A,$A6,LinkedIn_Posts!B:B,$B6)) -> 0 | U6: =IF($A6="","",SUMIFS(LinkedIn_Posts!I:I,LinkedIn_Posts!A:A,$A6,LinkedIn_Posts!B:B,$B6)) -> 0
A7: 1 | B7: 5 | C7: M. Cazeneuve | D7: =IF($A7="","",SUMIFS(YouTube_Long!G:G,YouTube_Long!A:A,$A7,YouTube_Long!B:B,$B7)) -> 1172 | E7: =IF($A7="","",SUMIFS(YouTube_Long!H:H,YouTube_Long!A:A,$A7,YouTube_Long!B:B,$B7)) -> 10274 | F7: =IF($A7="","",SUMIFS(YouTube_Long!I:I,YouTube_Long!A:A,$A7,YouTube_Long!B:B,$B7)) -> 0.051 | G7: =YouTube_Shorts!D7 -> 0 | H7: =sum(YouTube_Shorts!F7,YouTube_Shorts!I7,YouTube_Shorts!L7,YouTube_Shorts!O7,YouTube_Shorts!R7,YouTube_Shorts!U7,YouTube_Shorts!X7,YouTube_Shorts!AA7) -> 0 | I7: =sum(YouTube_Shorts!G7,YouTube_Shorts!J7,YouTube_Shorts!M7,YouTube_Shorts!P7,YouTube_Shorts!S7,YouTube_Shorts!V7,YouTube_Shorts!Y7,YouTube_Shorts!AB7) -> 0 | J7: =IF($A7="","",$D7+$H7) -> 1172 | K7: =Audio!F7 -> 557 | L7: =TikTok_Posts!E7 -> 0 | M7: =IF($A7="","",SUMIFS(TikTok_Posts!G:G,TikTok_Posts!A:A,$A7,TikTok_Posts!B:B,$B7)) -> 0 | N7: =Instagram_Posts!D7 -> 0 | O7: =IF($A7="","",SUMIFS(Instagram_Posts!E:E,Instagram_Posts!A:A,$A7,Instagram_Posts!B:B,$B7)) -> 0 | P7: =Blog!E7 -> 382 | Q7: =IF($A7="","",COUNTIFS(LinkedIn_Posts!A:A,$A7,LinkedIn_Posts!B:B,$B7)) -> 1 | R7: =IF($A7="","",SUMIFS(LinkedIn_Posts!F:F,LinkedIn_Posts!A:A,$A7,LinkedIn_Posts!B:B,$B7)) -> 0 | S7: =IF($A7="","",SUMIFS(LinkedIn_Posts!G:G,LinkedIn_Posts!A:A,$A7,LinkedIn_Posts!B:B,$B7)) -> 0 | T7: =IF($A7="","",SUMIFS(LinkedIn_Posts!H:H,LinkedIn_Posts!A:A,$A7,LinkedIn_Posts!B:B,$B7)) -> 0 | U7: =IF($A7="","",SUMIFS(LinkedIn_Posts!I:I,LinkedIn_Posts!A:A,$A7,LinkedIn_Posts!B:B,$B7)) -> 0
A8: 2 | B8: 6 | C8: J. Debbouze & Dr. Panichelli | D8: =IF($A8="","",SUMIFS(YouTube_Long!G:G,YouTube_Long!A:A,$A8,YouTube_Long!B:B,$B8)) -> 2256 | E8: =IF($A8="","",SUMIFS(YouTube_Long!H:H,YouTube_Long!A:A,$A8,YouTube_Long!B:B,$B8)) -> 31232 | F8: =IF($A8="","",SUMIFS(YouTube_Long!I:I,YouTube_Long!A:A,$A8,YouTube_Long!B:B,$B8)) -> 0.039 | G8: =YouTube_Shorts!D8 -> 2 | H8: =sum(YouTube_Shorts!F8,YouTube_Shorts!I8,YouTube_Shorts!L8,YouTube_Shorts!O8,YouTube_Shorts!R8,YouTube_Shorts!U8,YouTube_Shorts!X8,YouTube_Shorts!AA8) -> 124810 | I8: =sum(YouTube_Shorts!G8,YouTube_Shorts!J8,YouTube_Shorts!M8,YouTube_Shorts!P8,YouTube_Shorts!S8,YouTube_Shorts!V8,YouTube_Shorts!Y8,YouTube_Shorts!AB8) -> 18015 | J8: =IF($A8="","",$D8+$H8) -> 127066 | K8: =Audio!F8 -> 435 | L8: =TikTok_Posts!E8 -> 6 | M8: =IF($A8="","",SUMIFS(TikTok_Posts!G:G,TikTok_Posts!A:A,$A8,TikTok_Posts!B:B,$B8)) -> 30352 | N8: =Instagram_Posts!D8 -> 5 | O8: =IF($A8="","",SUMIFS(Instagram_Posts!E:E,Instagram_Posts!A:A,$A8,Instagram_Posts!B:B,$B8)) -> 10500 | P8: =Blog!E8 -> 227 | Q8: =IF($A8="","",COUNTIFS(LinkedIn_Posts!A:A,$A8,LinkedIn_Posts!B:B,$B8)) -> 1 | R8: =IF($A8="","",SUMIFS(LinkedIn_Posts!F:F,LinkedIn_Posts!A:A,$A8,LinkedIn_Posts!B:B,$B8)) -> 0 | S8: =IF($A8="","",SUMIFS(LinkedIn_Posts!G:G,LinkedIn_Posts!A:A,$A8,LinkedIn_Posts!B:B,$B8)) -> 0 | T8: =IF($A8="","",SUMIFS(LinkedIn_Posts!H:H,LinkedIn_Posts!A:A,$A8,LinkedIn_Posts!B:B,$B8)) -> 0 | U8: =IF($A8="","",SUMIFS(LinkedIn_Posts!I:I,LinkedIn_Posts!A:A,$A8,LinkedIn_Posts!B:B,$B8)) -> 0
A9: 2 | B9: 7 | C9: Prof. Goldman | D9: =IF($A9="","",SUMIFS(YouTube_Long!G:G,YouTube_Long!A:A,$A9,YouTube_Long!B:B,$B9)) -> 277 | E9: =IF($A9="","",SUMIFS(YouTube_Long!H:H,YouTube_Long!A:A,$A9,YouTube_Long!B:B,$B9)) -> 9638 | F9: =IF($A9="","",SUMIFS(YouTube_Long!I:I,YouTube_Long!A:A,$A9,YouTube_Long!B:B,$B9)) -> 0.016 | G9: =YouTube_Shorts!D9 -> 0 | H9: =sum(YouTube_Shorts!F9,YouTube_Shorts!I9,YouTube_Shorts!L9,YouTube_Shorts!O9,YouTube_Shorts!R9,YouTube_Shorts!U9,YouTube_Shorts!X9,YouTube_Shorts!AA9) -> 0 | I9: =sum(YouTube_Shorts!G9,YouTube_Shorts!J9,YouTube_Shorts!M9,YouTube_Shorts!P9,YouTube_Shorts!S9,YouTube_Shorts!V9,YouTube_Shorts!Y9,YouTube_Shorts!AB9) -> 0 | J9: =IF($A9="","",$D9+$H9) -> 277 | K9: =Audio!F9 -> 353 | L9: =TikTok_Posts!E9 -> 0 | M9: =IF($A9="","",SUMIFS(TikTok_Posts!G:G,TikTok_Posts!A:A,$A9,TikTok_Posts!B:B,$B9)) -> 0 | N9: =Instagram_Posts!D9 -> 0 | O9: =IF($A9="","",SUMIFS(Instagram_Posts!E:E,Instagram_Posts!A:A,$A9,Instagram_Posts!B:B,$B9)) -> 0 | P9: =Blog!E9 -> 246 | Q9: =IF($A9="","",COUNTIFS(LinkedIn_Posts!A:A,$A9,LinkedIn_Posts!B:B,$B9)) -> 1 | R9: =IF($A9="","",SUMIFS(LinkedIn_Posts!F:F,LinkedIn_Posts!A:A,$A9,LinkedIn_Posts!B:B,$B9)) -> 0 | S9: =IF($A9="","",SUMIFS(LinkedIn_Posts!G:G,LinkedIn_Posts!A:A,$A9,LinkedIn_Posts!B:B,$B9)) -> 0 | T9: =IF($A9="","",SUMIFS(LinkedIn_Posts!H:H,LinkedIn_Posts!A:A,$A9,LinkedIn_Posts!B:B,$B9)) -> 0 | U9: =IF($A9="","",SUMIFS(LinkedIn_Posts!I:I,LinkedIn_Posts!A:A,$A9,LinkedIn_Posts!B:B,$B9)) -> 0
A10: 2 | B10: 8 | C10: B. Dautzenberg | D10: =IF($A10="","",SUMIFS(YouTube_Long!G:G,YouTube_Long!A:A,$A10,YouTube_Long!B:B,$B10)) -> 29838 | E10: =IF($A10="","",SUMIFS(YouTube_Long!H:H,YouTube_Long!A:A,$A10,YouTube_Long!B:B,$B10)) -> 301238 | F10: =IF($A10="","",SUMIFS(YouTube_Long!I:I,YouTube_Long!A:A,$A10,YouTube_Long!B:B,$B10)) -> 0.06 | G10: =YouTube_Shorts!D10 -> 4 | H10: =sum(YouTube_Shorts!F10,YouTube_Shorts!I10,YouTube_Shorts!L10,YouTube_Shorts!O10,YouTube_Shorts!R10,YouTube_Shorts!U10,YouTube_Shorts!X10,YouTube_Shorts!AA10) -> 152524 | I10: =sum(YouTube_Shorts!G10,YouTube_Shorts!J10,YouTube_Shorts!M10,YouTube_Shorts!P10,YouTube_Shorts!S10,YouTube_Shorts!V10,YouTube_Shorts!Y10,YouTube_Shorts!AB10) -> 260432 | J10: =IF($A10="","",$D10+$H10) -> 182362 | K10: =Audio!F10 -> 912 | L10: =TikTok_Posts!E10 -> 2 | M10: =IF($A10="","",SUMIFS(TikTok_Posts!G:G,TikTok_Posts!A:A,$A10,TikTok_Posts!B:B,$B10)) -> 8383 | N10: =Instagram_Posts!D10 -> 2 | O10: =IF($A10="","",SUMIFS(Instagram_Posts!E:E,Instagram_Posts!A:A,$A10,Instagram_Posts!B:B,$B10)) -> 1931 | P10: =Blog!E10 -> 622 | Q10: =IF($A10="","",COUNTIFS(LinkedIn_Posts!A:A,$A10,LinkedIn_Posts!B:B,$B10)) -> 1 | R10: =IF($A10="","",SUMIFS(LinkedIn_Posts!F:F,LinkedIn_Posts!A:A,$A10,LinkedIn_Posts!B:B,$B10)) -> 0 | S10: =IF($A10="","",SUMIFS(LinkedIn_Posts!G:G,LinkedIn_Posts!A:A,$A10,LinkedIn_Posts!B:B,$B10)) -> 0 | T10: =IF($A10="","",SUMIFS(LinkedIn_Posts!H:H,LinkedIn_Posts!A:A,$A10,LinkedIn_Posts!B:B,$B10)) -> 0 | U10: =IF($A10="","",SUMIFS(LinkedIn_Posts!I:I,LinkedIn_Posts!A:A,$A10,LinkedIn_Posts!B:B,$B10)) -> 0
A11: 2 | B11: 9 | C11: M. Touvier | D11: =IF($A11="","",SUMIFS(YouTube_Long!G:G,YouTube_Long!A:A,$A11,YouTube_Long!B:B,$B11)) -> 8563 | E11: =IF($A11="","",SUMIFS(YouTube_Long!H:H,YouTube_Long!A:A,$A11,YouTube_Long!B:B,$B11)) -> 98078 | F11: =IF($A11="","",SUMIFS(YouTube_Long!I:I,YouTube_Long!A:A,$A11,YouTube_Long!B:B,$B11)) -> 0.052 | G11: =YouTube_Shorts!D11 -> 2 | H11: =sum(YouTube_Shorts!F11,YouTube_Shorts!I11,YouTube_Shorts!L11,YouTube_Shorts!O11,YouTube_Shorts!R11,YouTube_Shorts!U11,YouTube_Shorts!X11,YouTube_Shorts!AA11) -> 13049 | I11: =sum(YouTube_Shorts!G11,YouTube_Shorts!J11,YouTube_Shorts!M11,YouTube_Shorts!P11,YouTube_Shorts!S11,YouTube_Shorts!V11,YouTube_Shorts!Y11,YouTube_Shorts!AB11) -> 11417 | J11: =IF($A11="","",$D11+$H11) -> 21612 | K11: =Audio!F11 -> 461 | L11: =TikTok_Posts!E11 -> 0 | M11: =IF($A11="","",SUMIFS(TikTok_Posts!G:G,TikTok_Posts!A:A,$A11,TikTok_Posts!B:B,$B11)) -> 0 | N11: =Instagram_Posts!D11 -> 2 | O11: =IF($A11="","",SUMIFS(Instagram_Posts!E:E,Instagram_Posts!A:A,$A11,Instagram_Posts!B:B,$B11)) -> 1783 | P11: =Blog!E11 -> 206 | Q11: =IF($A11="","",COUNTIFS(LinkedIn_Posts!A:A,$A11,LinkedIn_Posts!B:B,$B11)) -> 1 | R11: =IF($A11="","",SUMIFS(LinkedIn_Posts!F:F,LinkedIn_Posts!A:A,$A11,LinkedIn_Posts!B:B,$B11)) -> 0 | S11: =IF($A11="","",SUMIFS(LinkedIn_Posts!G:G,LinkedIn_Posts!A:A,$A11,LinkedIn_Posts!B:B,$B11)) -> 0 | T11: =IF($A11="","",SUMIFS(LinkedIn_Posts!H:H,LinkedIn_Posts!A:A,$A11,LinkedIn_Posts!B:B,$B11)) -> 0 | U11: =IF($A11="","",SUMIFS(LinkedIn_Posts!I:I,LinkedIn_Posts!A:A,$A11,LinkedIn_Posts!B:B,$B11)) -> 0
A12: 2 | B12: 10 | C12: P. Lemoine | D12: =IF($A12="","",SUMIFS(YouTube_Long!G:G,YouTube_Long!A:A,$A12,YouTube_Long!B:B,$B12)) -> 109967 | E12: =IF($A12="","",SUMIFS(YouTube_Long!H:H,YouTube_Long!A:A,$A12,YouTube_Long!B:B,$B12)) -> 1458413 | F12: =IF($A12="","",SUMIFS(YouTube_Long!I:I,YouTube_Long!A:A,$A12,YouTube_Long!B:B,$B12)) -> 0.053 | G12: =YouTube_Shorts!D12 -> 5 | H12: =sum(YouTube_Shorts!F12,YouTube_Shorts!I12,YouTube_Shorts!L12,YouTube_Shorts!O12,YouTube_Shorts!R12,YouTube_Shorts!U12,YouTube_Shorts!X12,YouTube_Shorts!AA12) -> 56937 | I12: =sum(YouTube_Shorts!G12,YouTube_Shorts!J12,YouTube_Shorts!M12,YouTube_Shorts!P12,YouTube_Shorts!S12,YouTube_Shorts!V12,YouTube_Shorts!Y12,YouTube_Shorts!AB12) -> 183243 | J12: =IF($A12="","",$D12+$H12) -> 166904 | K12: =Audio!F12 -> 637 | L12: =TikTok_Posts!E12 -> 4 | M12: =IF($A12="","",SUMIFS(TikTok_Posts!G:G,TikTok_Posts!A:A,$A12,TikTok_Posts!B:B,$B12)) -> 16217 | N12: =Instagram_Posts!D12 -> 2 | O12: =IF($A12="","",SUMIFS(Instagram_Posts!E:E,Instagram_Posts!A:A,$A12,Instagram_Posts!B:B,$B12)) -> 2400 | P12: =Blog!E12 -> 223 | Q12: =IF($A12="","",COUNTIFS(LinkedIn_Posts!A:A,$A12,LinkedIn_Posts!B:B,$B12)) -> 1 | R12: =IF($A12="","",SUMIFS(LinkedIn_Posts!F:F,LinkedIn_Posts!A:A,$A12,LinkedIn_Posts!B:B,$B12)) -> 0 | S12: =IF($A12="","",SUMIFS(LinkedIn_Posts!G:G,LinkedIn_Posts!A:A,$A12,LinkedIn_Posts!B:B,$B12)) -> 0 | T12: =IF($A12="","",SUMIFS(LinkedIn_Posts!H:H,LinkedIn_Posts!A:A,$A12,LinkedIn_Posts!B:B,$B12)) -> 0 | U12: =IF($A12="","",SUMIFS(LinkedIn_Posts!I:I,LinkedIn_Posts!A:A,$A12,LinkedIn_Posts!B:B,$B12)) -> 0
A13: 3 | B13: 11 | C13: Maître Wang | D13: =IF($A13="","",SUMIFS(YouTube_Long!G:G,YouTube_Long!A:A,$A13,YouTube_Long!B:B,$B13)) -> 163250 | E13: =IF($A13="","",SUMIFS(YouTube_Long!H:H,YouTube_Long!A:A,$A13,YouTube_Long!B:B,$B13)) -> 2769055 | F13: =IF($A13="","",SUMIFS(YouTube_Long!I:I,YouTube_Long!A:A,$A13,YouTube_Long!B:B,$B13)) -> 0.037 | G13: =YouTube_Shorts!D13 -> 3 | H13: =sum(YouTube_Shorts!F13,YouTube_Shorts!I13,YouTube_Shorts!L13,YouTube_Shorts!O13,YouTube_Shorts!R13,YouTube_Shorts!U13,YouTube_Shorts!X13,YouTube_Shorts!AA13) -> 13893 | I13: =sum(YouTube_Shorts!G13,YouTube_Shorts!J13,YouTube_Shorts!M13,YouTube_Shorts!P13,YouTube_Shorts!S13,YouTube_Shorts!V13,YouTube_Shorts!Y13,YouTube_Shorts!AB13) -> 174703 | J13: =IF($A13="","",$D13+$H13) -> 177143 | K13: =Audio!F13 -> 647 | L13: =TikTok_Posts!E13 -> 4 | M13: =IF($A13="","",SUMIFS(TikTok_Posts!G:G,TikTok_Posts!A:A,$A13,TikTok_Posts!B:B,$B13)) -> 2257 | N13: =Instagram_Posts!D13 -> 5 | O13: =IF($A13="","",SUMIFS(Instagram_Posts!E:E,Instagram_Posts!A:A,$A13,Instagram_Posts!B:B,$B13)) -> 3500 | P13: =Blog!E13 -> 114 | Q13: =IF($A13="","",COUNTIFS(LinkedIn_Posts!A:A,$A13,LinkedIn_Posts!B:B,$B13)) -> 1 | R13: =IF($A13="","",SUMIFS(LinkedIn_Posts!F:F,LinkedIn_Posts!A:A,$A13,LinkedIn_Posts!B:B,$B13)) -> 0 | S13: =IF($A13="","",SUMIFS(LinkedIn_Posts!G:G,LinkedIn_Posts!A:A,$A13,LinkedIn_Posts!B:B,$B13)) -> 0 | T13: =IF($A13="","",SUMIFS(LinkedIn_Posts!H:H,LinkedIn_Posts!A:A,$A13,LinkedIn_Posts!B:B,$B13)) -> 0 | U13: =IF($A13="","",SUMIFS(LinkedIn_Posts!I:I,LinkedIn_Posts!A:A,$A13,LinkedIn_Posts!B:B,$B13)) -> 0
A14: 3 | B14: 12 | C14: B. Gallix | D14: =IF($A14="","",SUMIFS(YouTube_Long!G:G,YouTube_Long!A:A,$A14,YouTube_Long!B:B,$B14)) -> 21443 | E14: =IF($A14="","",SUMIFS(YouTube_Long!H:H,YouTube_Long!A:A,$A14,YouTube_Long!B:B,$B14)) -> 267489 | F14: =IF($A14="","",SUMIFS(YouTube_Long!I:I,YouTube_Long!A:A,$A14,YouTube_Long!B:B,$B14)) -> 0.059 | G14: =YouTube_Shorts!D14 -> 1 | H14: =sum(YouTube_Shorts!F14,YouTube_Shorts!I14,YouTube_Shorts!L14,YouTube_Shorts!O14,YouTube_Shorts!R14,YouTube_Shorts!U14,YouTube_Shorts!X14,YouTube_Shorts!AA14) -> 3851 | I14: =sum(YouTube_Shorts!G14,YouTube_Shorts!J14,YouTube_Shorts!M14,YouTube_Shorts!P14,YouTube_Shorts!S14,YouTube_Shorts!V14,YouTube_Shorts!Y14,YouTube_Shorts!AB14) -> 28390 | J14: =IF($A14="","",$D14+$H14) -> 25294 | K14: =Audio!F14 -> 694 | L14: =TikTok_Posts!E14 -> 0 | M14: =IF($A14="","",SUMIFS(TikTok_Posts!G:G,TikTok_Posts!A:A,$A14,TikTok_Posts!B:B,$B14)) -> 0 | N14: =Instagram_Posts!D14 -> 3 | O14: =IF($A14="","",SUMIFS(Instagram_Posts!E:E,Instagram_Posts!A:A,$A14,Instagram_Posts!B:B,$B14)) -> 2000 | P14: =Blog!E14 -> 163 | Q14: =IF($A14="","",COUNTIFS(LinkedIn_Posts!A:A,$A14,LinkedIn_Posts!B:B,$B14)) -> 1 | R14: =IF($A14="","",SUMIFS(LinkedIn_Posts!F:F,LinkedIn_Posts!A:A,$A14,LinkedIn_Posts!B:B,$B14)) -> 0 | S14: =IF($A14="","",SUMIFS(LinkedIn_Posts!G:G,LinkedIn_Posts!A:A,$A14,LinkedIn_Posts!B:B,$B14)) -> 0 | T14: =IF($A14="","",SUMIFS(LinkedIn_Posts!H:H,LinkedIn_Posts!A:A,$A14,LinkedIn_Posts!B:B,$B14)) -> 0 | U14: =IF($A14="","",SUMIFS(LinkedIn_Posts!I:I,LinkedIn_Posts!A:A,$A14,LinkedIn_Posts!B:B,$B14)) -> 0
... A20: 4 | B20: 18 | C20: Pr. Sofiane Bentifallah | D20: =IF($A20="","",SUMIFS(YouTube_Long!G:G,YouTube_Long!A:A,$A20,YouTube_Long!B:B,$B20)) -> 520 | E20: =IF($A20="","",SUMIFS(YouTube_Long!H:H,YouTube_Long!A:A,$A20,YouTube_Long!B:B,$B20)) -> 11083 | F20: =IF($A20="","",SUMIFS(YouTube_Long!I:I,YouTube_Long!A:A,$A20,YouTube_Long!B:B,$B20)) -> 0.025 | G20: =YouTube_Shorts!D20 -> 0 | H20: =sum(YouTube_Shorts!F20,YouTube_Shorts!I20,YouTube_Shorts!L20,YouTube_Shorts!O20,YouTube_Shorts!R20,YouTube_Shorts!U20,YouTube_Shorts!X20,YouTube_Shorts!AA20) -> 0 | I20: =sum(YouTube_Shorts!G20,YouTube_Shorts!J20,YouTube_Shorts!M20,YouTube_Shorts!P20,YouTube_Shorts!S20,YouTube_Shorts!V20,YouTube_Shorts!Y20,YouTube_Shorts!AB20) -> 0 | J20: =IF($A20="","",$D20+$H20) -> 520 | K20: =Audio!F20 -> 392 | L20: =TikTok_Posts!E20 -> 0 | M20: =IF($A20="","",SUMIFS(TikTok_Posts!G:G,TikTok_Posts!A:A,$A20,TikTok_Posts!B:B,$B20)) -> 0 | N20: =Instagram_Posts!D20 -> 0 | O20: =IF($A20="","",SUMIFS(Instagram_Posts!E:E,Instagram_Posts!A:A,$A20,Instagram_Posts!B:B,$B20)) -> 0 | P20: =Blog!E20 | Q20: =IF($A20="","",COUNTIFS(LinkedIn_Posts!A:A,$A20,LinkedIn_Posts!B:B,$B20)) -> 1 | R20: =IF($A20="","",SUMIFS(LinkedIn_Posts!F:F,LinkedIn_Posts!A:A,$A20,LinkedIn_Posts!B:B,$B20)) -> 0 | S20: =IF($A20="","",SUMIFS(LinkedIn_Posts!G:G,LinkedIn_Posts!A:A,$A20,LinkedIn_Posts!B:B,$B20)) -> 0 | T20: =IF($A20="","",SUMIFS(LinkedIn_Posts!H:H,LinkedIn_Posts!A:A,$A20,LinkedIn_Posts!B:B,$B20)) -> 0 | U20: =IF($A20="","",SUMIFS(LinkedIn_Posts!I:I,LinkedIn_Posts!A:A,$A20,LinkedIn_Posts!B:B,$B20)) -> 0
D21: =IF($A21="","",SUMIFS(YouTube_Long!G:G,YouTube_Long!A:A,$A21,YouTube_Long!B:B,$B21)) | E21: =IF($A21="","",SUMIFS(YouTube_Long!H:H,YouTube_Long!A:A,$A21,YouTube_Long!B:B,$B21)) | F21: =IF($A21="","",SUMIFS(YouTube_Long!I:I,YouTube_Long!A:A,$A21,YouTube_Long!B:B,$B21)) | G21: =IF($A21="","",COUNTIFS(YouTube_Shorts!A:A,$A21,YouTube_Shorts!B:B,$B21)) | H21: =IF($A21="","",SUMIFS(YouTube_Shorts!F:F,YouTube_Shorts!A:A,$A21,YouTube_Shorts!B:B,$B21)) | I21: =IF($A21="","",SUMIFS(YouTube_Shorts!G:G,YouTube_Shorts!A:A,$A21,YouTube_Shorts!B:B,$B21)) | J21: =IF($A21="","",$D21+$H21) | K21: =Audio!F21 | L21: =IF($A21="","",COUNTIFS(TikTok_Posts!A:A,$A21,TikTok_Posts!B:B,$B21)) | M21: =IF($A21="","",SUMIFS(TikTok_Posts!E:E,TikTok_Posts!A:A,$A21,TikTok_Posts!B:B,$B21)) | N21: =IF($A21="","",COUNTIFS(Instagram_Posts!A:A,$A21,Instagram_Posts!B:B,$B21)) | O21: =IF($A21="","",SUMIFS(Instagram_Posts!E:E,Instagram_Posts!A:A,$A21,Instagram_Posts!B:B,$B21)) | P21: =IF($A21="","",SUMIFS(Blog!E:E,Blog!B:B,$A21,Blog!C:C,$B21)) | Q21: =IF($A21="","",COUNTIFS(LinkedIn_Posts!A:A,$A21,LinkedIn_Posts!B:B,$B21)) | R21: =IF($A21="","",SUMIFS(LinkedIn_Posts!F:F,LinkedIn_Posts!A:A,$A21,LinkedIn_Posts!B:B,$B21)) | S21: =IF($A21="","",SUMIFS(LinkedIn_Posts!G:G,LinkedIn_Posts!A:A,$A21,LinkedIn_Posts!B:B,$B21)) | T21: =IF($A21="","",SUMIFS(LinkedIn_Posts!H:H,LinkedIn_Posts!A:A,$A21,LinkedIn_Posts!B:B,$B21)) | U21: =IF($A21="","",SUMIFS(LinkedIn_Posts!I:I,LinkedIn_Posts!A:A,$A21,LinkedIn_Posts!B:B,$B21))
D22: =IF($A22="","",SUMIFS(YouTube_Long!G:G,YouTube_Long!A:A,$A22,YouTube_Long!B:B,$B22)) | E22: =IF($A22="","",SUMIFS(YouTube_Long!H:H,YouTube_Long!A:A,$A22,YouTube_Long!B:B,$B22)) | F22: =IF($A22="","",SUMIFS(YouTube_Long!I:I,YouTube_Long!A:A,$A22,YouTube_Long!B:B,$B22)) | G22: =IF($A22="","",COUNTIFS(YouTube_Shorts!A:A,$A22,YouTube_Shorts!B:B,$B22)) | H22: =IF($A22="","",SUMIFS(YouTube_Shorts!F:F,YouTube_Shorts!A:A,$A22,YouTube_Shorts!B:B,$B22)) | J22: =IF($A22="","",$D22+$H22) | K22: =IF($A22="","",SUMIFS(Audio!D:D,Audio!A:A,$A22,Audio!B:B,$B22)) | L22: =IF($A22="","",COUNTIFS(TikTok_Posts!A:A,$A22,TikTok_Posts!B:B,$B22)) | M22: =IF($A22="","",SUMIFS(TikTok_Posts!E:E,TikTok_Posts!A:A,$A22,TikTok_Posts!B:B,$B22)) | N22: =IF($A22="","",COUNTIFS(Instagram_Posts!A:A,$A22,Instagram_Posts!B:B,$B22)) | O22: =IF($A22="","",SUMIFS(Instagram_Posts!E:E,Instagram_Posts!A:A,$A22,Instagram_Posts!B:B,$B22)) | P22: =IF($A22="","",SUMIFS(Blog!E:E,Blog!B:B,$A22,Blog!C:C,$B22)) | Q22: =IF($A22="","",COUNTIFS(LinkedIn_Posts!A:A,$A22,LinkedIn_Posts!B:B,$B22)) | R22: =IF($A22="","",SUMIFS(LinkedIn_Posts!F:F,LinkedIn_Posts!A:A,$A22,LinkedIn_Posts!B:B,$B22)) | S22: =IF($A22="","",SUMIFS(LinkedIn_Posts!G:G,LinkedIn_Posts!A:A,$A22,LinkedIn_Posts!B:B,$B22)) | T22: =IF($A22="","",SUMIFS(LinkedIn_Posts!H:H,LinkedIn_Posts!A:A,$A22,LinkedIn_Posts!B:B,$B22)) | U22: =IF($A22="","",SUMIFS(LinkedIn_Posts!I:I,LinkedIn_Posts!A:A,$A22,LinkedIn_Posts!B:B,$B22))
D23: =IF($A23="","",SUMIFS(YouTube_Long!G:G,YouTube_Long!A:A,$A23,YouTube_Long!B:B,$B23)) | E23: =IF($A23="","",SUMIFS(YouTube_Long!H:H,YouTube_Long!A:A,$A23,YouTube_Long!B:B,$B23)) | F23: =IF($A23="","",SUMIFS(YouTube_Long!I:I,YouTube_Long!A:A,$A23,YouTube_Long!B:B,$B23)) | G23: =IF($A23="","",COUNTIFS(YouTube_Shorts!A:A,$A23,YouTube_Shorts!B:B,$B23)) | H23: =IF($A23="","",SUMIFS(YouTube_Shorts!F:F,YouTube_Shorts!A:A,$A23,YouTube_Shorts!B:B,$B23)) | J23: =IF($A23="","",$D23+$H23) | L23: =IF($A23="","",COUNTIFS(TikTok_Posts!A:A,$A23,TikTok_Posts!B:B,$B23)) | M23: =IF($A23="","",SUMIFS(TikTok_Posts!E:E,TikTok_Posts!A:A,$A23,TikTok_Posts!B:B,$B23)) | N23: =IF($A23="","",COUNTIFS(Instagram_Posts!A:A,$A23,Instagram_Posts!B:B,$B23)) | O23: =IF($A23="","",SUMIFS(Instagram_Posts!E:E,Instagram_Posts!A:A,$A23,Instagram_Posts!B:B,$B23)) | P23: =IF($A23="","",SUMIFS(Blog!E:E,Blog!B:B,$A23,Blog!C:C,$B23)) | Q23: =IF($A23="","",COUNTIFS(LinkedIn_Posts!A:A,$A23,LinkedIn_Posts!B:B,$B23)) | R23: =IF($A23="","",SUMIFS(LinkedIn_Posts!F:F,LinkedIn_Posts!A:A,$A23,LinkedIn_Posts!B:B,$B23)) | S23: =IF($A23="","",SUMIFS(LinkedIn_Posts!G:G,LinkedIn_Posts!A:A,$A23,LinkedIn_Posts!B:B,$B23)) | T23: =IF($A23="","",SUMIFS(LinkedIn_Posts!H:H,LinkedIn_Posts!A:A,$A23,LinkedIn_Posts!B:B,$B23)) | U23: =IF($A23="","",SUMIFS(LinkedIn_Posts!I:I,LinkedIn_Posts!A:A,$A23,LinkedIn_Posts!B:B,$B23))
D24: =IF($A24="","",SUMIFS(YouTube_Long!G:G,YouTube_Long!A:A,$A24,YouTube_Long!B:B,$B24)) | E24: =IF($A24="","",SUMIFS(YouTube_Long!H:H,YouTube_Long!A:A,$A24,YouTube_Long!B:B,$B24)) | F24: =IF($A24="","",SUMIFS(YouTube_Long!I:I,YouTube_Long!A:A,$A24,YouTube_Long!B:B,$B24)) | G24: =IF($A24="","",COUNTIFS(YouTube_Shorts!A:A,$A24,YouTube_Shorts!B:B,$B24)) | H24: =IF($A24="","",SUMIFS(YouTube_Shorts!F:F,YouTube_Shorts!A:A,$A24,YouTube_Shorts!B:B,$B24)) | I24: =IF($A24="","",SUMIFS(YouTube_Shorts!G:G,YouTube_Shorts!A:A,$A24,YouTube_Shorts!B:B,$B24)) | J24: =IF($A24="","",$D24+$H24) | K24: =IF($A24="","",SUMIFS(Audio!D:D,Audio!A:A,$A24,Audio!B:B,$B24)) | L24: =IF($A24="","",COUNTIFS(TikTok_Posts!A:A,$A24,TikTok_Posts!B:B,$B24)) | M24: =IF($A24="","",SUMIFS(TikTok_Posts!E:E,TikTok_Posts!A:A,$A24,TikTok_Posts!B:B,$B24)) | N24: =IF($A24="","",COUNTIFS(Instagram_Posts!A:A,$A24,Instagram_Posts!B:B,$B24)) | O24: =IF($A24="","",SUMIFS(Instagram_Posts!E:E,Instagram_Posts!A:A,$A24,Instagram_Posts!B:B,$B24)) | P24: =IF($A24="","",SUMIFS(Blog!E:E,Blog!B:B,$A24,Blog!C:C,$B24)) | Q24: =IF($A24="","",COUNTIFS(LinkedIn_Posts!A:A,$A24,LinkedIn_Posts!B:B,$B24)) | R24: =IF($A24="","",SUMIFS(LinkedIn_Posts!F:F,LinkedIn_Posts!A:A,$A24,LinkedIn_Posts!B:B,$B24)) | S24: =IF($A24="","",SUMIFS(LinkedIn_Posts!G:G,LinkedIn_Posts!A:A,$A24,LinkedIn_Posts!B:B,$B24)) | T24: =IF($A24="","",SUMIFS(LinkedIn_Posts!H:H,LinkedIn_Posts!A:A,$A24,LinkedIn_Posts!B:B,$B24)) | U24: =IF($A24="","",SUMIFS(LinkedIn_Posts!I:I,LinkedIn_Posts!A:A,$A24,LinkedIn_Posts!B:B,$B24))
D25: =IF($A25="","",SUMIFS(YouTube_Long!G:G,YouTube_Long!A:A,$A25,YouTube_Long!B:B,$B25)) | E25: =IF($A25="","",SUMIFS(YouTube_Long!H:H,YouTube_Long!A:A,$A25,YouTube_Long!B:B,$B25)) | F25: =IF($A25="","",SUMIFS(YouTube_Long!I:I,YouTube_Long!A:A,$A25,YouTube_Long!B:B,$B25)) | G25: =IF($A25="","",COUNTIFS(YouTube_Shorts!A:A,$A25,YouTube_Shorts!B:B,$B25)) | H25: =IF($A25="","",SUMIFS(YouTube_Shorts!F:F,YouTube_Shorts!A:A,$A25,YouTube_Shorts!B:B,$B25)) | I25: =IF($A25="","",SUMIFS(YouTube_Shorts!G:G,YouTube_Shorts!A:A,$A25,YouTube_Shorts!B:B,$B25)) | J25: =IF($A25="","",$D25+$H25) | K25: =IF($A25="","",SUMIFS(Audio!D:D,Audio!A:A,$A25,Audio!B:B,$B25)) | L25: =IF($A25="","",COUNTIFS(TikTok_Posts!A:A,$A25,TikTok_Posts!B:B,$B25)) | M25: =IF($A25="","",SUMIFS(TikTok_Posts!E:E,TikTok_Posts!A:A,$A25,TikTok_Posts!B:B,$B25)) | N25: =IF($A25="","",COUNTIFS(Instagram_Posts!A:A,$A25,Instagram_Posts!B:B,$B25)) | O25: =IF($A25="","",SUMIFS(Instagram_Posts!E:E,Instagram_Posts!A:A,$A25,Instagram_Posts!B:B,$B25)) | P25: =IF($A25="","",SUMIFS(Blog!E:E,Blog!B:B,$A25,Blog!C:C,$B25)) | Q25: =IF($A25="","",COUNTIFS(LinkedIn_Posts!A:A,$A25,LinkedIn_Posts!B:B,$B25)) | R25: =IF($A25="","",SUMIFS(LinkedIn_Posts!F:F,LinkedIn_Posts!A:A,$A25,LinkedIn_Posts!B:B,$B25)) | S25: =IF($A25="","",SUMIFS(LinkedIn_Posts!G:G,LinkedIn_Posts!A:A,$A25,LinkedIn_Posts!B:B,$B25)) | T25: =IF($A25="","",SUMIFS(LinkedIn_Posts!H:H,LinkedIn_Posts!A:A,$A25,LinkedIn_Posts!B:B,$B25)) | U25: =IF($A25="","",SUMIFS(LinkedIn_Posts!I:I,LinkedIn_Posts!A:A,$A25,LinkedIn_Posts!B:B,$B25))
D26: =IF($A26="","",SUMIFS(YouTube_Long!G:G,YouTube_Long!A:A,$A26,YouTube_Long!B:B,$B26)) | E26: =IF($A26="","",SUMIFS(YouTube_Long!H:H,YouTube_Long!A:A,$A26,YouTube_Long!B:B,$B26)) | F26: =IF($A26="","",SUMIFS(YouTube_Long!I:I,YouTube_Long!A:A,$A26,YouTube_Long!B:B,$B26)) | G26: =IF($A26="","",COUNTIFS(YouTube_Shorts!A:A,$A26,YouTube_Shorts!B:B,$B26)) | H26: =IF($A26="","",SUMIFS(YouTube_Shorts!F:F,YouTube_Shorts!A:A,$A26,YouTube_Shorts!B:B,$B26)) | I26: =IF($A26="","",SUMIFS(YouTube_Shorts!G:G,YouTube_Shorts!A:A,$A26,YouTube_Shorts!B:B,$B26)) | J26: =IF($A26="","",$D26+$H26) | K26: =IF($A26="","",SUMIFS(Audio!D:D,Audio!A:A,$A26,Audio!B:B,$B26)) | L26: =IF($A26="","",COUNTIFS(TikTok_Posts!A:A,$A26,TikTok_Posts!B:B,$B26)) | M26: =IF($A26="","",SUMIFS(TikTok_Posts!E:E,TikTok_Posts!A:A,$A26,TikTok_Posts!B:B,$B26)) | N26: =IF($A26="","",COUNTIFS(Instagram_Posts!A:A,$A26,Instagram_Posts!B:B,$B26)) | O26: =IF($A26="","",SUMIFS(Instagram_Posts!E:E,Instagram_Posts!A:A,$A26,Instagram_Posts!B:B,$B26)) | P26: =IF($A26="","",SUMIFS(Blog!E:E,Blog!B:B,$A26,Blog!C:C,$B26)) | Q26: =IF($A26="","",COUNTIFS(LinkedIn_Posts!A:A,$A26,LinkedIn_Posts!B:B,$B26)) | R26: =IF($A26="","",SUMIFS(LinkedIn_Posts!F:F,LinkedIn_Posts!A:A,$A26,LinkedIn_Posts!B:B,$B26)) | S26: =IF($A26="","",SUMIFS(LinkedIn_Posts!G:G,LinkedIn_Posts!A:A,$A26,LinkedIn_Posts!B:B,$B26)) | T26: =IF($A26="","",SUMIFS(LinkedIn_Posts!H:H,LinkedIn_Posts!A:A,$A26,LinkedIn_Posts!B:B,$B26)) | U26: =IF($A26="","",SUMIFS(LinkedIn_Posts!I:I,LinkedIn_Posts!A:A,$A26,LinkedIn_Posts!B:B,$B26))
D27: =IF($A27="","",SUMIFS(YouTube_Long!G:G,YouTube_Long!A:A,$A27,YouTube_Long!B:B,$B27)) | E27: =IF($A27="","",SUMIFS(YouTube_Long!H:H,YouTube_Long!A:A,$A27,YouTube_Long!B:B,$B27)) | F27: =IF($A27="","",SUMIFS(YouTube_Long!I:I,YouTube_Long!A:A,$A27,YouTube_Long!B:B,$B27)) | G27: =IF($A27="","",COUNTIFS(YouTube_Shorts!A:A,$A27,YouTube_Shorts!B:B,$B27)) | H27: =IF($A27="","",SUMIFS(YouTube_Shorts!F:F,YouTube_Shorts!A:A,$A27,YouTube_Shorts!B:B,$B27)) | I27: =IF($A27="","",SUMIFS(YouTube_Shorts!G:G,YouTube_Shorts!A:A,$A27,YouTube_Shorts!B:B,$B27)) | J27: =IF($A27="","",$D27+$H27) | K27: =IF($A27="","",SUMIFS(Audio!D:D,Audio!A:A,$A27,Audio!B:B,$B27)) | L27: =IF($A27="","",COUNTIFS(TikTok_Posts!A:A,$A27,TikTok_Posts!B:B,$B27)) | M27: =IF($A27="","",SUMIFS(TikTok_Posts!E:E,TikTok_Posts!A:A,$A27,TikTok_Posts!B:B,$B27)) | N27: =IF($A27="","",COUNTIFS(Instagram_Posts!A:A,$A27,Instagram_Posts!B:B,$B27)) | O27: =IF($A27="","",SUMIFS(Instagram_Posts!E:E,Instagram_Posts!A:A,$A27,Instagram_Posts!B:B,$B27)) | P27: =IF($A27="","",SUMIFS(Blog!E:E,Blog!B:B,$A27,Blog!C:C,$B27)) | Q27: =IF($A27="","",COUNTIFS(LinkedIn_Posts!A:A,$A27,LinkedIn_Posts!B:B,$B27)) | R27: =IF($A27="","",SUMIFS(LinkedIn_Posts!F:F,LinkedIn_Posts!A:A,$A27,LinkedIn_Posts!B:B,$B27)) | S27: =IF($A27="","",SUMIFS(LinkedIn_Posts!G:G,LinkedIn_Posts!A:A,$A27,LinkedIn_Posts!B:B,$B27)) | T27: =IF($A27="","",SUMIFS(LinkedIn_Posts!H:H,LinkedIn_Posts!A:A,$A27,LinkedIn_Posts!B:B,$B27)) | U27: =IF($A27="","",SUMIFS(LinkedIn_Posts!I:I,LinkedIn_Posts!A:A,$A27,LinkedIn_Posts!B:B,$B27))
D28: =IF($A28="","",SUMIFS(YouTube_Long!G:G,YouTube_Long!A:A,$A28,YouTube_Long!B:B,$B28)) | E28: =IF($A28="","",SUMIFS(YouTube_Long!H:H,YouTube_Long!A:A,$A28,YouTube_Long!B:B,$B28)) | F28: =IF($A28="","",SUMIFS(YouTube_Long!I:I,YouTube_Long!A:A,$A28,YouTube_Long!B:B,$B28)) | G28: =IF($A28="","",COUNTIFS(YouTube_Shorts!A:A,$A28,YouTube_Shorts!B:B,$B28)) | H28: =IF($A28="","",SUMIFS(YouTube_Shorts!F:F,YouTube_Shorts!A:A,$A28,YouTube_Shorts!B:B,$B28)) | I28: =IF($A28="","",SUMIFS(YouTube_Shorts!G:G,YouTube_Shorts!A:A,$A28,YouTube_Shorts!B:B,$B28)) | J28: =IF($A28="","",$D28+$H28) | K28: =IF($A28="","",SUMIFS(Audio!D:D,Audio!A:A,$A28,Audio!B:B,$B28)) | L28: =IF($A28="","",COUNTIFS(TikTok_Posts!A:A,$A28,TikTok_Posts!B:B,$B28)) | M28: =IF($A28="","",SUMIFS(TikTok_Posts!E:E,TikTok_Posts!A:A,$A28,TikTok_Posts!B:B,$B28)) | N28: =IF($A28="","",COUNTIFS(Instagram_Posts!A:A,$A28,Instagram_Posts!B:B,$B28)) | O28: =IF($A28="","",SUMIFS(Instagram_Posts!E:E,Instagram_Posts!A:A,$A28,Instagram_Posts!B:B,$B28)) | P28: =IF($A28="","",SUMIFS(Blog!E:E,Blog!B:B,$A28,Blog!C:C,$B28)) | Q28: =IF($A28="","",COUNTIFS(LinkedIn_Posts!A:A,$A28,LinkedIn_Posts!B:B,$B28)) | R28: =IF($A28="","",SUMIFS(LinkedIn_Posts!F:F,LinkedIn_Posts!A:A,$A28,LinkedIn_Posts!B:B,$B28)) | S28: =IF($A28="","",SUMIFS(LinkedIn_Posts!G:G,LinkedIn_Posts!A:A,$A28,LinkedIn_Posts!B:B,$B28)) | T28: =IF($A28="","",SUMIFS(LinkedIn_Posts!H:H,LinkedIn_Posts!A:A,$A28,LinkedIn_Posts!B:B,$B28)) | U28: =IF($A28="","",SUMIFS(LinkedIn_Posts!I:I,LinkedIn_Posts!A:A,$A28,LinkedIn_Posts!B:B,$B28))
D29: =IF($A29="","",SUMIFS(YouTube_Long!G:G,YouTube_Long!A:A,$A29,YouTube_Long!B:B,$B29)) | E29: =IF($A29="","",SUMIFS(YouTube_Long!H:H,YouTube_Long!A:A,$A29,YouTube_Long!B:B,$B29)) | F29: =IF($A29="","",SUMIFS(YouTube_Long!I:I,YouTube_Long!A:A,$A29,YouTube_Long!B:B,$B29)) | G29: =IF($A29="","",COUNTIFS(YouTube_Shorts!A:A,$A29,YouTube_Shorts!B:B,$B29)) | H29: =IF($A29="","",SUMIFS(YouTube_Shorts!F:F,YouTube_Shorts!A:A,$A29,YouTube_Shorts!B:B,$B29)) | I29: =IF($A29="","",SUMIFS(YouTube_Shorts!G:G,YouTube_Shorts!A:A,$A29,YouTube_Shorts!B:B,$B29)) | J29: =IF($A29="","",$D29+$H29) | K29: =IF($A29="","",SUMIFS(Audio!D:D,Audio!A:A,$A29,Audio!B:B,$B29)) | L29: =IF($A29="","",COUNTIFS(TikTok_Posts!A:A,$A29,TikTok_Posts!B:B,$B29)) | M29: =IF($A29="","",SUMIFS(TikTok_Posts!E:E,TikTok_Posts!A:A,$A29,TikTok_Posts!B:B,$B29)) | N29: =IF($A29="","",COUNTIFS(Instagram_Posts!A:A,$A29,Instagram_Posts!B:B,$B29)) | O29: =IF($A29="","",SUMIFS(Instagram_Posts!E:E,Instagram_Posts!A:A,$A29,Instagram_Posts!B:B,$B29)) | P29: =IF($A29="","",SUMIFS(Blog!E:E,Blog!B:B,$A29,Blog!C:C,$B29)) | Q29: =IF($A29="","",COUNTIFS(LinkedIn_Posts!A:A,$A29,LinkedIn_Posts!B:B,$B29)) | R29: =IF($A29="","",SUMIFS(LinkedIn_Posts!F:F,LinkedIn_Posts!A:A,$A29,LinkedIn_Posts!B:B,$B29)) | S29: =IF($A29="","",SUMIFS(LinkedIn_Posts!G:G,LinkedIn_Posts!A:A,$A29,LinkedIn_Posts!B:B,$B29)) | T29: =IF($A29="","",SUMIFS(LinkedIn_Posts!H:H,LinkedIn_Posts!A:A,$A29,LinkedIn_Posts!B:B,$B29)) | U29: =IF($A29="","",SUMIFS(LinkedIn_Posts!I:I,LinkedIn_Posts!A:A,$A29,LinkedIn_Posts!B:B,$B29))
D30: =IF($A30="","",SUMIFS(YouTube_Long!G:G,YouTube_Long!A:A,$A30,YouTube_Long!B:B,$B30)) | E30: =IF($A30="","",SUMIFS(YouTube_Long!H:H,YouTube_Long!A:A,$A30,YouTube_Long!B:B,$B30)) | F30: =IF($A30="","",SUMIFS(YouTube_Long!I:I,YouTube_Long!A:A,$A30,YouTube_Long!B:B,$B30)) | G30: =IF($A30="","",COUNTIFS(YouTube_Shorts!A:A,$A30,YouTube_Shorts!B:B,$B30)) | H30: =IF($A30="","",SUMIFS(YouTube_Shorts!F:F,YouTube_Shorts!A:A,$A30,YouTube_Shorts!B:B,$B30)) | I30: =IF($A30="","",SUMIFS(YouTube_Shorts!G:G,YouTube_Shorts!A:A,$A30,YouTube_Shorts!B:B,$B30)) | J30: =IF($A30="","",$D30+$H30) | K30: =IF($A30="","",SUMIFS(Audio!D:D,Audio!A:A,$A30,Audio!B:B,$B30)) | L30: =IF($A30="","",COUNTIFS(TikTok_Posts!A:A,$A30,TikTok_Posts!B:B,$B30)) | M30: =IF($A30="","",SUMIFS(TikTok_Posts!E:E,TikTok_Posts!A:A,$A30,TikTok_Posts!B:B,$B30)) | N30: =IF($A30="","",COUNTIFS(Instagram_Posts!A:A,$A30,Instagram_Posts!B:B,$B30)) | O30: =IF($A30="","",SUMIFS(Instagram_Posts!E:E,Instagram_Posts!A:A,$A30,Instagram_Posts!B:B,$B30)) | P30: =IF($A30="","",SUMIFS(Blog!E:E,Blog!B:B,$A30,Blog!C:C,$B30)) | Q30: =IF($A30="","",COUNTIFS(LinkedIn_Posts!A:A,$A30,LinkedIn_Posts!B:B,$B30)) | R30: =IF($A30="","",SUMIFS(LinkedIn_Posts!F:F,LinkedIn_Posts!A:A,$A30,LinkedIn_Posts!B:B,$B30)) | S30: =IF($A30="","",SUMIFS(LinkedIn_Posts!G:G,LinkedIn_Posts!A:A,$A30,LinkedIn_Posts!B:B,$B30)) | T30: =IF($A30="","",SUMIFS(LinkedIn_Posts!H:H,LinkedIn_Posts!A:A,$A30,LinkedIn_Posts!B:B,$B30)) | U30: =IF($A30="","",SUMIFS(LinkedIn_Posts!I:I,LinkedIn_Posts!A:A,$A30,LinkedIn_Posts!B:B,$B30))
D31: =IF($A31="","",SUMIFS(YouTube_Long!G:G,YouTube_Long!A:A,$A31,YouTube_Long!B:B,$B31)) | E31: =IF($A31="","",SUMIFS(YouTube_Long!H:H,YouTube_Long!A:A,$A31,YouTube_Long!B:B,$B31)) | F31: =IF($A31="","",SUMIFS(YouTube_Long!I:I,YouTube_Long!A:A,$A31,YouTube_Long!B:B,$B31)) | G31: =IF($A31="","",COUNTIFS(YouTube_Shorts!A:A,$A31,YouTube_Shorts!B:B,$B31)) | H31: =IF($A31="","",SUMIFS(YouTube_Shorts!F:F,YouTube_Shorts!A:A,$A31,YouTube_Shorts!B:B,$B31)) | I31: =IF($A31="","",SUMIFS(YouTube_Shorts!G:G,YouTube_Shorts!A:A,$A31,YouTube_Shorts!B:B,$B31)) | J31: =IF($A31="","",$D31+$H31) | K31: =IF($A31="","",SUMIFS(Audio!D:D,Audio!A:A,$A31,Audio!B:B,$B31)) | L31: =IF($A31="","",COUNTIFS(TikTok_Posts!A:A,$A31,TikTok_Posts!B:B,$B31)) | M31: =IF($A31="","",SUMIFS(TikTok_Posts!E:E,TikTok_Posts!A:A,$A31,TikTok_Posts!B:B,$B31)) | N31: =IF($A31="","",COUNTIFS(Instagram_Posts!A:A,$A31,Instagram_Posts!B:B,$B31)) | O31: =IF($A31="","",SUMIFS(Instagram_Posts!E:E,Instagram_Posts!A:A,$A31,Instagram_Posts!B:B,$B31)) | P31: =IF($A31="","",SUMIFS(Blog!E:E,Blog!B:B,$A31,Blog!C:C,$B31)) | Q31: =IF($A31="","",COUNTIFS(LinkedIn_Posts!A:A,$A31,LinkedIn_Posts!B:B,$B31)) | R31: =IF($A31="","",SUMIFS(LinkedIn_Posts!F:F,LinkedIn_Posts!A:A,$A31,LinkedIn_Posts!B:B,$B31)) | S31: =IF($A31="","",SUMIFS(LinkedIn_Posts!G:G,LinkedIn_Posts!A:A,$A31,LinkedIn_Posts!B:B,$B31)) | T31: =IF($A31="","",SUMIFS(LinkedIn_Posts!H:H,LinkedIn_Posts!A:A,$A31,LinkedIn_Posts!B:B,$B31)) | U31: =IF($A31="","",SUMIFS(LinkedIn_Posts!I:I,LinkedIn_Posts!A:A,$A31,LinkedIn_Posts!B:B,$B31))
D32: =IF($A32="","",SUMIFS(YouTube_Long!G:G,YouTube_Long!A:A,$A32,YouTube_Long!B:B,$B32)) | E32: =IF($A32="","",SUMIFS(YouTube_Long!H:H,YouTube_Long!A:A,$A32,YouTube_Long!B:B,$B32)) | F32: =IF($A32="","",SUMIFS(YouTube_Long!I:I,YouTube_Long!A:A,$A32,YouTube_Long!B:B,$B32)) | G32: =IF($A32="","",COUNTIFS(YouTube_Shorts!A:A,$A32,YouTube_Shorts!B:B,$B32)) | H32: =IF($A32="","",SUMIFS(YouTube_Shorts!F:F,YouTube_Shorts!A:A,$A32,YouTube_Shorts!B:B,$B32)) | I32: =IF($A32="","",SUMIFS(YouTube_Shorts!G:G,YouTube_Shorts!A:A,$A32,YouTube_Shorts!B:B,$B32)) | J32: =IF($A32="","",$D32+$H32) | K32: =IF($A32="","",SUMIFS(Audio!D:D,Audio!A:A,$A32,Audio!B:B,$B32)) | L32: =IF($A32="","",COUNTIFS(TikTok_Posts!A:A,$A32,TikTok_Posts!B:B,$B32)) | M32: =IF($A32="","",SUMIFS(TikTok_Posts!E:E,TikTok_Posts!A:A,$A32,TikTok_Posts!B:B,$B32)) | N32: =IF($A32="","",COUNTIFS(Instagram_Posts!A:A,$A32,Instagram_Posts!B:B,$B32)) | O32: =IF($A32="","",SUMIFS(Instagram_Posts!E:E,Instagram_Posts!A:A,$A32,Instagram_Posts!B:B,$B32)) | P32: =IF($A32="","",SUMIFS(Blog!E:E,Blog!B:B,$A32,Blog!C:C,$B32)) | Q32: =IF($A32="","",COUNTIFS(LinkedIn_Posts!A:A,$A32,LinkedIn_Posts!B:B,$B32)) | R32: =IF($A32="","",SUMIFS(LinkedIn_Posts!F:F,LinkedIn_Posts!A:A,$A32,LinkedIn_Posts!B:B,$B32)) | S32: =IF($A32="","",SUMIFS(LinkedIn_Posts!G:G,LinkedIn_Posts!A:A,$A32,LinkedIn_Posts!B:B,$B32)) | T32: =IF($A32="","",SUMIFS(LinkedIn_Posts!H:H,LinkedIn_Posts!A:A,$A32,LinkedIn_Posts!B:B,$B32)) | U32: =IF($A32="","",SUMIFS(LinkedIn_Posts!I:I,LinkedIn_Posts!A:A,$A32,LinkedIn_Posts!B:B,$B32))
D33: =IF($A33="","",SUMIFS(YouTube_Long!G:G,YouTube_Long!A:A,$A33,YouTube_Long!B:B,$B33)) | E33: =IF($A33="","",SUMIFS(YouTube_Long!H:H,YouTube_Long!A:A,$A33,YouTube_Long!B:B,$B33)) | F33: =IF($A33="","",SUMIFS(YouTube_Long!I:I,YouTube_Long!A:A,$A33,YouTube_Long!B:B,$B33)) | G33: =IF($A33="","",COUNTIFS(YouTube_Shorts!A:A,$A33,YouTube_Shorts!B:B,$B33)) | H33: =IF($A33="","",SUMIFS(YouTube_Shorts!F:F,YouTube_Shorts!A:A,$A33,YouTube_Shorts!B:B,$B33)) | I33: =IF($A33="","",SUMIFS(YouTube_Shorts!G:G,YouTube_Shorts!A:A,$A33,YouTube_Shorts!B:B,$B33)) | J33: =IF($A33="","",$D33+$H33) | K33: =IF($A33="","",SUMIFS(Audio!D:D,Audio!A:A,$A33,Audio!B:B,$B33)) | L33: =IF($A33="","",COUNTIFS(TikTok_Posts!A:A,$A33,TikTok_Posts!B:B,$B33)) | M33: =IF($A33="","",SUMIFS(TikTok_Posts!E:E,TikTok_Posts!A:A,$A33,TikTok_Posts!B:B,$B33)) | N33: =IF($A33="","",COUNTIFS(Instagram_Posts!A:A,$A33,Instagram_Posts!B:B,$B33)) | O33: =IF($A33="","",SUMIFS(Instagram_Posts!E:E,Instagram_Posts!A:A,$A33,Instagram_Posts!B:B,$B33)) | P33: =IF($A33="","",SUMIFS(Blog!E:E,Blog!B:B,$A33,Blog!C:C,$B33)) | Q33: =IF($A33="","",COUNTIFS(LinkedIn_Posts!A:A,$A33,LinkedIn_Posts!B:B,$B33)) | R33: =IF($A33="","",SUMIFS(LinkedIn_Posts!F:F,LinkedIn_Posts!A:A,$A33,LinkedIn_Posts!B:B,$B33)) | S33: =IF($A33="","",SUMIFS(LinkedIn_Posts!G:G,LinkedIn_Posts!A:A,$A33,LinkedIn_Posts!B:B,$B33)) | T33: =IF($A33="","",SUMIFS(LinkedIn_Posts!H:H,LinkedIn_Posts!A:A,$A33,LinkedIn_Posts!B:B,$B33)) | U33: =IF($A33="","",SUMIFS(LinkedIn_Posts!I:I,LinkedIn_Posts!A:A,$A33,LinkedIn_Posts!B:B,$B33))
D34: =IF($A34="","",SUMIFS(YouTube_Long!G:G,YouTube_Long!A:A,$A34,YouTube_Long!B:B,$B34)) | E34: =IF($A34="","",SUMIFS(YouTube_Long!H:H,YouTube_Long!A:A,$A34,YouTube_Long!B:B,$B34)) | F34: =IF($A34="","",SUMIFS(YouTube_Long!I:I,YouTube_Long!A:A,$A34,YouTube_Long!B:B,$B34)) | G34: =IF($A34="","",COUNTIFS(YouTube_Shorts!A:A,$A34,YouTube_Shorts!B:B,$B34)) | H34: =IF($A34="","",SUMIFS(YouTube_Shorts!F:F,YouTube_Shorts!A:A,$A34,YouTube_Shorts!B:B,$B34)) | I34: =IF($A34="","",SUMIFS(YouTube_Shorts!G:G,YouTube_Shorts!A:A,$A34,YouTube_Shorts!B:B,$B34)) | J34: =IF($A34="","",$D34+$H34) | K34: =IF($A34="","",SUMIFS(Audio!D:D,Audio!A:A,$A34,Audio!B:B,$B34)) | L34: =IF($A34="","",COUNTIFS(TikTok_Posts!A:A,$A34,TikTok_Posts!B:B,$B34)) | M34: =IF($A34="","",SUMIFS(TikTok_Posts!E:E,TikTok_Posts!A:A,$A34,TikTok_Posts!B:B,$B34)) | N34: =IF($A34="","",COUNTIFS(Instagram_Posts!A:A,$A34,Instagram_Posts!B:B,$B34)) | O34: =IF($A34="","",SUMIFS(Instagram_Posts!E:E,Instagram_Posts!A:A,$A34,Instagram_Posts!B:B,$B34)) | P34: =IF($A34="","",SUMIFS(Blog!E:E,Blog!B:B,$A34,Blog!C:C,$B34)) | Q34: =IF($A34="","",COUNTIFS(LinkedIn_Posts!A:A,$A34,LinkedIn_Posts!B:B,$B34)) | R34: =IF($A34="","",SUMIFS(LinkedIn_Posts!F:F,LinkedIn_Posts!A:A,$A34,LinkedIn_Posts!B:B,$B34)) | S34: =IF($A34="","",SUMIFS(LinkedIn_Posts!G:G,LinkedIn_Posts!A:A,$A34,LinkedIn_Posts!B:B,$B34)) | T34: =IF($A34="","",SUMIFS(LinkedIn_Posts!H:H,LinkedIn_Posts!A:A,$A34,LinkedIn_Posts!B:B,$B34)) | U34: =IF($A34="","",SUMIFS(LinkedIn_Posts!I:I,LinkedIn_Posts!A:A,$A34,LinkedIn_Posts!B:B,$B34))
D35: =IF($A35="","",SUMIFS(YouTube_Long!G:G,YouTube_Long!A:A,$A35,YouTube_Long!B:B,$B35)) | E35: =IF($A35="","",SUMIFS(YouTube_Long!H:H,YouTube_Long!A:A,$A35,YouTube_Long!B:B,$B35)) | F35: =IF($A35="","",SUMIFS(YouTube_Long!I:I,YouTube_Long!A:A,$A35,YouTube_Long!B:B,$B35)) | G35: =IF($A35="","",COUNTIFS(YouTube_Shorts!A:A,$A35,YouTube_Shorts!B:B,$B35)) | H35: =IF($A35="","",SUMIFS(YouTube_Shorts!F:F,YouTube_Shorts!A:A,$A35,YouTube_Shorts!B:B,$B35)) | I35: =IF($A35="","",SUMIFS(YouTube_Shorts!G:G,YouTube_Shorts!A:A,$A35,YouTube_Shorts!B:B,$B35)) | J35: =IF($A35="","",$D35+$H35) | K35: =IF($A35="","",SUMIFS(Audio!D:D,Audio!A:A,$A35,Audio!B:B,$B35)) | L35: =IF($A35="","",COUNTIFS(TikTok_Posts!A:A,$A35,TikTok_Posts!B:B,$B35)) | M35: =IF($A35="","",SUMIFS(TikTok_Posts!E:E,TikTok_Posts!A:A,$A35,TikTok_Posts!B:B,$B35)) | N35: =IF($A35="","",COUNTIFS(Instagram_Posts!A:A,$A35,Instagram_Posts!B:B,$B35)) | O35: =IF($A35="","",SUMIFS(Instagram_Posts!E:E,Instagram_Posts!A:A,$A35,Instagram_Posts!B:B,$B35)) | P35: =IF($A35="","",SUMIFS(Blog!E:E,Blog!B:B,$A35,Blog!C:C,$B35)) | Q35: =IF($A35="","",COUNTIFS(LinkedIn_Posts!A:A,$A35,LinkedIn_Posts!B:B,$B35)) | R35: =IF($A35="","",SUMIFS(LinkedIn_Posts!F:F,LinkedIn_Posts!A:A,$A35,LinkedIn_Posts!B:B,$B35)) | S35: =IF($A35="","",SUMIFS(LinkedIn_Posts!G:G,LinkedIn_Posts!A:A,$A35,LinkedIn_Posts!B:B,$B35)) | T35: =IF($A35="","",SUMIFS(LinkedIn_Posts!H:H,LinkedIn_Posts!A:A,$A35,LinkedIn_Posts!B:B,$B35)) | U35: =IF($A35="","",SUMIFS(LinkedIn_Posts!I:I,LinkedIn_Posts!A:A,$A35,LinkedIn_Posts!B:B,$B35))
... D201: =IF($A201="","",SUMIFS(YouTube_Long!G:G,YouTube_Long!A:A,$A201,YouTube_Long!B:B,$B201)) | E201: =IF($A201="","",SUMIFS(YouTube_Long!H:H,YouTube_Long!A:A,$A201,YouTube_Long!B:B,$B201)) | F201: =IF($A201="","",SUMIFS(YouTube_Long!I:I,YouTube_Long!A:A,$A201,YouTube_Long!B:B,$B201)) | G201: =IF($A201="","",COUNTIFS(YouTube_Shorts!A:A,$A201,YouTube_Shorts!B:B,$B201)) | H201: =IF($A201="","",SUMIFS(YouTube_Shorts!F:F,YouTube_Shorts!A:A,$A201,YouTube_Shorts!B:B,$B201)) | I201: =IF($A201="","",SUMIFS(YouTube_Shorts!G:G,YouTube_Shorts!A:A,$A201,YouTube_Shorts!B:B,$B201)) | J201: =IF($A201="","",$D201+$H201) | K201: =IF($A201="","",SUMIFS(Audio!D:D,Audio!A:A,$A201,Audio!B:B,$B201)) | L201: =IF($A201="","",COUNTIFS(TikTok_Posts!A:A,$A201,TikTok_Posts!B:B,$B201)) | M201: =IF($A201="","",SUMIFS(TikTok_Posts!E:E,TikTok_Posts!A:A,$A201,TikTok_Posts!B:B,$B201)) | N201: =IF($A201="","",COUNTIFS(Instagram_Posts!A:A,$A201,Instagram_Posts!B:B,$B201)) | O201: =IF($A201="","",SUMIFS(Instagram_Posts!E:E,Instagram_Posts!A:A,$A201,Instagram_Posts!B:B,$B201)) | P201: =IF($A201="","",SUMIFS(Blog!E:E,Blog!B:B,$A201,Blog!C:C,$B201)) | Q201: =IF($A201="","",COUNTIFS(LinkedIn_Posts!A:A,$A201,LinkedIn_Posts!B:B,$B201)) | R201: =IF($A201="","",SUMIFS(LinkedIn_Posts!F:F,LinkedIn_Posts!A:A,$A201,LinkedIn_Posts!B:B,$B201)) | S201: =IF($A201="","",SUMIFS(LinkedIn_Posts!G:G,LinkedIn_Posts!A:A,$A201,LinkedIn_Posts!B:B,$B201)) | T201: =IF($A201="","",SUMIFS(LinkedIn_Posts!H:H,LinkedIn_Posts!A:A,$A201,LinkedIn_Posts!B:B,$B201)) | U201: =IF($A201="","",SUMIFS(LinkedIn_Posts!I:I,LinkedIn_Posts!A:A,$A201,LinkedIn_Posts!B:B,$B201))

Sheet YouTube_Long
A1: Season | B1: Episode # | C1: Guest | D1: Video URL | E1: Publication date | F1: Title | G1: Views | H1: Impressions | I1: CTR%
A2: 0 | B2: 0 | C2: Teaser | D2: https://www.youtube.com/watch?v=Av5aZAm_hqY | E2: 45870 | F2: Healthier Humanity Podcast Teaser - Alan | G2: 864 | H2: 7688 | I2: 0.051
A3: 1 | B3: 1 | C3: C. De Jaeger | D3: https://www.youtube.com/watch?v=WvP-0fOLoFw | E3: 15/01/2025 | F3: Les secrets pour vivre jusqu'à 100 ans en bonne santé - Dr Christophe de Jaeger | G3: 53630 | H3: 703036 | I3: 0.05
A4: 1 | B4: 2 | C4: T. Dusautoir | D4: https://www.youtube.com/watch?v=6whyFgvOXrk | E4: 22/01/2025 | F4: Dans la tête d'un champion - Thierry Dusautoir | G4: 1301 | H4: 14793 | I4: 0.042
A5: 1 | B5: 3 | C5: M. Leboyer | D5: https://www.youtube.com/watch?v=_S8dmqLxFJE&t=210s | E5: 45779 | F5: Les origines insoupçonnées de nos troubles mentaux - Professeur Marion Leboyer | G5: 6722 | H5: 110531 | I5: 0.038
A6: 1 | B6: 4 | C6: T. Cambon | D6: https://www.youtube.com/watch?v=uUO15cXxycg | E6: 45993 | F6: Dans les mains de l'ancien ostéopathe des bleus - Thierry Cambon | G6: 644 | H6: 9997 | I6: 0.023
A7: 1 | B7: 5 | C7: M. Cazeneuve | D7: https://www.youtube.com/watch?v=B_ig_NJDzqM&t=5446s | E7: 19/02/2025 | F7: Dans les coulisses de notre système de santé - Marguerite Cazeneuve | G7: 1172 | H7: 10274 | I7: 0.051
A8: 2 | B8: 6 | C8: J. Debbouze & Dr. Panichelli | D8: https://www.youtube.com/watch?v=DlwboaA-AUM&t=250s | E8: 19/03/2025 | F8: La thérapie par le rire : entre art et science - Jamel Debbouze et Dr. Christophe Panichelli | G8: 2256 | H8: 31232 | I8: 0.039
A9: 2 | B9: 7 | C9: Prof. Goldman | D9: https://www.youtube.com/watch?v=evyFGQCuVzI | E9: 45720 | F9: Dans les coulisses de la médecine du futur - Professeur Michel Goldman | G9: 277 | H9: 9638 | I9: 0.016
A10: 2 | B10: 8 | C10: B. Dautzenberg | D10: https://www.youtube.com/watch?v=cKM48mPEUxU&t=100s | E10: 16/04/2025 | F10: Quand arrêter de fumer devient un plaisir - Professeur Bertrand Dautzenberg | G10: 29838 | H10: 301238 | I10: 0.06
A11: 2 | B11: 9 | C11: M. Touvier | D11: https://www.youtube.com/watch?v=x2wjzudOrXo | E11: 30/04/2025 | F11: Les secrets nutrition pour gagner 10 ans de vie - Professeure Mathilde Touvier | G11: 8563 | H11: 98078 | I11: 0.052
A12: 2 | B12: 10 | C12: P. Lemoine | D12: https://www.youtube.com/watch?v=lDRZIDiTA-k&t=4546s | E12: 14/05/2025 | F12: Votre longévité se joue la nuit - Professeur Patrick Lemoine | G12: 109967 | H12: 1458413 | I12: 0.053
A13: 3 | B13: 11 | C13: Maître Wang | D13: https://www.youtube.com/watch?v=2YKpIg3W91Q&t=4375s | E13: 45937 | F13: 6 leçons de vie d'un Maître Zen pour vivre sans stress - Maître Reigen Wang-Genh | G13: 163250 | H13: 2769055 | I13: 0.037
A14: 3 | B14: 12 | C14: B. Gallix | D14: https://www.youtube.com/watch?v=oe-OPgltoGA&t=126s | E14: 24/07/2025 | F14: 3 piliers d'un professeur qui éliminent 80% des risques de vieillissement - Professeur Benoît Gallix | G14: 21443 | H14: 267489 | I14: 0.059
A15: 3 | B15: 13 | C15: T. Riner & Julien Corvo | D15: https://www.youtube.com/watch?v=apGHCBmpdqg | E15: 16/09/2025 | F15: Teddy Riner dévoile ses 4 piliers de longévité | G15: 769 | H15: 11661 | I15: 0.031
A16: 3 | B16: 14 | C16: JD Chiche | D16: https://www.youtube.com/watch?v=aqdh3NwqFz8&t=1770s | E16: 17/09/2025 | F16: Comment ce professeur crée des "deuxièmes vies" en réanimation - Professeur Jean-Daniel Chiche | G16: 575 | H16: 6852 | I16: 0.026
A17: 3 | B17: 15 | C17: O. Goy | D17: https://www.youtube.com/watch?v=bx9RaIjhkpo | E17: 45667 | F17: Les 5 leçons qui vont transformer votre vie - Olivier Goy atteint de la maladie de Charcot | G17: 2278 | H17: 18579 | I17: 0.063
A18: 4 | B18: 16 | C18: Dr. Letombe | D18: https://www.youtube.com/watch?v=F0wYSo6owfc&t=45s | E18: 19/11/2025 | F18: Les 3 secrets d'une gynécologue pour traverser la ménopause sans souffrir - Dr. Brigitte Letombe | G18: 106823 | H18: 1675638 | I18: 0.049
A19: 4 | B19: 17 | C19: Pr. Doré | D19: https://www.youtube.com/watch?v=I9Q0acZAEOM&list=PL643LyZcrKMBmCNy1hxFErN-GFqwDaVhu&index=5 | E19: 45718 | F19: Microbiote intestinal : agissez sur votre immunité, santé mentale et risque de cancer - Pr Joël Doré | G19: 9584 | H19: 131520 | I19: 0.049
A20: 4 | B20: 18 | C20: Pr. Sofiane Bendifallah | D20: https://www.youtube.com/watch?v=tk6yxMReJAE&list=PL643LyZcrKMBmCNy1hxFErN-GFqwDaVhu | E20: 14/01/2026 | F20: Endométriose : 5 signaux d'alerte et comment agir avant la PMA - Pr. Sofiane Bendifallah | G20: 520 | H20: 11083 | I20: 0.025

Sheet YouTube_Shorts
A1: Season | B1: Episode # | C1: Guest | D1: # shorts | E1: Short 1 link | F1: Short 1 Views | G1: Short 1 Impressions | H1: Short 2 link | I1: Short 2 Views | J1: Short 2 Impressions | K1: Short 3 link | L1: Short 3 Views | M1: Short 3 Impressions | N1: Short 4 link | O1: Short 4 Views | P1: Short 4 Impressions | Q1: Short 5 link | R1: Short 5 Views | S1: Short 5 Impressions | T1: Short 6 link | U1: Short 6 views | V1: Short 6 impresions | W1: Short 7 link | X1: Short 7 views | Y1: Short 7 impresions | Z1: Short 8 link | AA1: Short 8 views | AB1: Short 8 impresions
A2: 0 | B2: 0 | C2: Teaser | D2: 0
A3: 1 | B3: 1 | C3: C. De Jaeger | D3: 1 | E3: https://www.youtube.com/watch?v=L-1iLxFlZVM | F3: 105597 | G3: 213651
A4: 1 | B4: 2 | C4: T. Dusautoir | D4: 3 | E4: https://www.youtube.com/watch?v=3fonJ7ui34Y | F4: 27384 | G4: 9305 | H4: https://www.youtube.com/watch?v=yOnuXHqiyC4 | I4: 31722 | J4: 6327 | K4: https://www.youtube.com/watch?v=Iw3kHKwg9ik | L4: 4061 | M4: 3359
A5: 1 | B5: 3 | C5: M. Leboyer | D5: 1 | E5: https://www.youtube.com/watch?v=OIL9tx-dgw4 | F5: 1256 | G5: 5730
A6: 1 | B6: 4 | C6: T. Cambon | D6: 1 | E6: https://www.youtube.com/watch?v=j-AzcBlccxg | F6: 1245 | G6: 5249
A7: 1 | B7: 5 | C7: M. Cazeneuve | D7: 0
A8: 2 | B8: 6 | C8: J. Debbouze & Dr. Panichelli | D8: 2 | E8: https://www.youtube.com/watch?v=iFuh3wp988U | F8: 119770 | G8: 10777 | H8: https://www.youtube.com/watch?v=ND8Ylh7SeaM | I8: 5040 | J8: 7238
A9: 2 | B9: 7 | C9: Prof. Goldman | D9: 0
A10: 2 | B10: 8 | C10: B. Dautzenberg | D10: 4 | E10: https://www.youtube.com/watch?v=iHHwpV-sKqc | F10: 23106 | G10: 22080 | H10: https://www.youtube.com/watch?v=dIFbn4D9Urg | I10: 6577 | J10: 19379 | K10: https://www.youtube.com/watch?v=BdtgTMGFzII | L10: 17244 | M10: 5322 | N10: https://www.youtube.com/watch?v=L-1iLxFlZVM | O10: 105597 | P10: 213651
A11: 2 | B11: 9 | C11: M. Touvier | D11: 2 | E11: https://www.youtube.com/watch?v=QDyl6KBHSaM | F11: 1994 | G11: 5985 | H11: https://www.youtube.com/watch?v=u3mUNluaQfg | I11: 11055 | J11: 5432
A12: 2 | B12: 10 | C12: P. Lemoine | D12: 5 | E12: https://www.youtube.com/watch?v=9HH1B-YFHA4 | F12: 26342 | G12: 128279 | H12: https://www.youtube.com/watch?v=LzUAEVfcfxU | I12: 14030 | J12: 16326 | K12: https://www.youtube.com/watch?v=CtFPgONGg0k | L12: 6976 | M12: 16140 | N12: https://www.youtube.com/watch?v=p1MgpWH4-i0 | O12: 6642 | P12: 15803 | Q12: https://www.youtube.com/watch?v=Q1PzJrveVR4 | R12: 2947 | S12: 6695
A13: 3 | B13: 11 | C13: Maître Wang | D13: 3 | E13: https://www.youtube.com/watch?v=TBx_cNa_-To | F13: 9505 | G13: 76235 | H13: https://www.youtube.com/watch?v=qgQm57cZ7TI | J13: 69569 | K13: https://www.youtube.com/watch?v=Pa94Adn5IN4 | L13: 4388 | M13: 28899
A14: 3 | B14: 12 | C14: B. Gallix | D14: 1 | E14: https://www.youtube.com/watch?v=rgQiGw7UxcM | F14: 3851 | G14: 28390
A15: 3 | B15: 13 | C15: T. Riner & Julien Corvo | D15: 3 | E15: https://www.youtube.com/watch?v=X_d6kMi17ag | F15: 3264 | G15: 5259 | H15: https://www.youtube.com/watch?v=Dal4St5rCI4 | I15: 1640 | J15: 4429 | K15: https://www.youtube.com/watch?v=KLXWyYwP9ks | L15: 2649 | M15: 2501
A16: 3 | B16: 14 | C16: JD Chiche | D16: 3 | E16: https://www.youtube.com/watch?v=AV1nc_c1m4I | F16: 349 | G16: 3489 | H16: https://www.youtube.com/watch?v=26ahWUJ6NoU | I16: 2356 | J16: 4011 | K16: https://www.youtube.com/watch?v=Jhv1_jhVvcY | M16: 1888
A17: 3 | B17: 15 | C17: O. Goy | D17: 2 | E17: https://www.youtube.com/watch?v=xZagA3qLKIo | F17: 1923 | G17: 7770 | H17: https://www.youtube.com/watch?v=Q-cSE5BA8z0 | I17: 2091 | J17: 6703
A18: 4 | B18: 16 | C18: Dr. Letombe | D18: 8 | E18: https://www.youtube.com/watch?v=u7ZJHHkhoZA | F18: 5643 | G18: 11791 | H18: https://www.youtube.com/watch?v=OC3RWuL_XhU | I18: 4355 | J18: 11406 | K18: https://www.youtube.com/watch?v=XGXst1HonTk | L18: 2248 | M18: 6960 | N18: https://www.youtube.com/watch?v=E1y5mCF0MWs | O18: 1721 | P18: 6055 | Q18: https://www.youtube.com/watch?v=nt5g-OsyeO4 | R18: 1405 | S18: 5283 | T18: https://www.youtube.com/watch?v=cN2kfKNLwe0 | U18: 1812 | V18: 5190 | W18: https://www.youtube.com/watch?v=6l99Bdmd7Fo | X18: 2806 | Y18: 2249 | Z18: https://www.youtube.com/watch?v=hfBS66aBZuU | AA18: 1816 | AB18: 4837
A19: 4 | B19: 17 | C19: Pr. Doré | D19: 3 | E19: https://www.youtube.com/watch?v=bhuYcGYHEKs&list=PL643LyZcrKMBmCNy1hxFErN-GFqwDaVhu&index=2 | F19: 2660 | G19: 9406 | H19: https://www.youtube.com/watch?v=tjQ3qZzFIzg | I19: 315 | J19: 4357 | K19: https://www.youtube.com/watch?v=dGZ4grwJJK8 | L19: 2244 | M19: 3094
A20: 4 | B20: 18 | C20: Pr. Sofiane Bentifallah | D20: 0

Sheet Blog
A1: Season | B1: Episode # | C1: Guest | D1: Blog URL | E1: Views
A2: 0 | B2: 0 | C2: Teaser
A3: 1 | B3: 1 | C3: C. De Jaeger | D3: https://alan.com/fr-fr/blog/prendre-soin-vous/a/healthier-humanity-podcast-episode-1-les-secrets-pour-vivre-jusqua-100-ans | E3: 1534
A4: 1 | B4: 2 | C4: T. Dusautoir | D4: https://alan.com/fr-fr/blog/prendre-soin-vous/a/healthier-humanity-podcast-episode-2-dans-la-tete-dun-champion-thierry | E4: 195
A5: 1 | B5: 3 | C5: M. Leboyer | D5: https://alan.com/fr-fr/blog/prendre-soin-vous/a/healthier-humanity-podcast-episode-3-les-origines-insoupconnees-de-nos | E5: 433
A6: 1 | B6: 4 | C6: T. Cambon | D6: https://alan.com/fr-fr/blog/prendre-soin-vous/a/healthier-humanity-podcast-episode-4-dans-les-mains-de-lancien-oste-opathe | E6: 150
A7: 1 | B7: 5 | C7: M. Cazeneuve | D7: https://alan.com/fr-fr/blog/prendre-soin-vous/a/healthier-humanity-podcast-episode-5-dans-les-coulisses-de-notre-systeme-de | E7: 382
A8: 2 | B8: 6 | C8: J. Debbouze & Dr. Panichelli | D8: https://alan.com/fr-fr/blog/prendre-soin-vous/a/healthier-humanity-podcast-episode-6-la-therapie-par-le-rire-entre-art-et | E8: 227
A9: 2 | B9: 7 | C9: Prof. Goldman | D9: https://alan.com/fr-fr/blog/prendre-soin-vous/a/healthier-humanity-podcast-episode-7-dans-les-coulisses-de-linnovation-me | E9: 246
A10: 2 | B10: 8 | C10: B. Dautzenberg | D10: https://alan.com/fr-fr/blog/prendre-soin-vous/a/healthier-humanity-podcast-episode-8-quand-arreter-de-fumer-devient-un | E10: 622
A11: 2 | B11: 9 | C11: M. Touvier | D11: https://alan.com/fr-fr/blog/prendre-soin-vous/a/healthier-humanity-podcast-episode-9-le-grand-decryptage-de-nos-assiettes | E11: 206
A12: 2 | B12: 10 | C12: P. Lemoine | D12: https://alan.com/fr-fr/blog/prendre-soin-vous/a/healthier-humanity-podcast-episode-10-votre-longevite-se-joue-la-nuit | E12: 223
A13: 3 | B13: 11 | C13: Maître Wang | D13: https://alan.com/fr-fr/blog/prendre-soin-vous/a/healthier-humanity-podcast-episode-11-6-lecons-de-vie-dun-maitre-zen-pour | E13: 114
A14: 3 | B14: 12 | C14: B. Gallix | D14: https://alan.com/fr-fr/blog/prendre-soin-vous/a/healthier-humanity-longevite-les-cles-pour-vieillir-en-bonne-sante-avec-le | E14: 163
... A19: 4 | B19: 17 | C19: Pr. Doré | D19: https://alan.com/fr-fr/blog/prendre-soin-vous/a/healthier-humanity-microbiote-intestinal-agissez-sur-votre-immunite-votre | E19: 49
A20: 4 | B20: 18 | C20: Pr. Sofiane Bendifallah | D20: https://alan.com/fr-fr/blog/prendre-soin-vous/a/healthier-humanity-endome-triose-5-signaux-dalerte-et-comment-agir-avant-la

Sheet TikTok_Posts
A1: Season | B1: Episode # | C1: Guest | D1: Post URL | E1: # posts | F1: Avg views/post | G1: Total # views | H1: Post 1 # views | I1: Post 2 # views | J1: Post 3 # views | K1: Post 4 # views | L1: Post 5 # views | M1: Post 6 # views | N1: Post 7 # views
A2: 0 | B2: 0 | C2: Teaser | E2: =1 -> 1 | F2: =G2/E2 -> 665 | G2: =sum(H2:L2) -> 665 | H2: 665
A3: 1 | B3: 1 | C3: C. De Jaeger | E3: 1 | F3: =G3/E3 -> 779 | G3: =sum(H3:L3) -> 779 | H3: 779
A4: 1 | B4: 2 | C4: T. Dusautoir | E4: 6 | F4: =G4/E4 -> 23748 | G4: =sum(H4:L4) -> 142488 | H4: 74500 | I4: =3255 -> 3255 | J4: 1341 | K4: 792 | L4: 62600 | M4: 1200
A5: 1 | B5: 3 | C5: M. Leboyer | E5: 1 | F5: =G5/E5 -> 1426 | G5: =sum(H5:L5) -> 1426 | H5: 1426
A6: 1 | B6: 4 | C6: T. Cambon | E6: 1 | F6: =G6/E6 -> 1327 | G6: =sum(H6:L6) -> 1327 | H6: 1327
A7: 1 | B7: 5 | C7: M. Cazeneuve | E7: 0 | F7: =G7/E7 -> #DIV/0! | G7: =sum(H7:L7) -> 0 | H7: 0
A8: 2 | B8: 6 | C8: J. Debbouze & Dr. Panichelli | E8: 6 | F8: =G8/E8 -> 5058.6667 | G8: =sum(H8:L8) -> 30352 | H8: 659 | I8: 675 | J8: 1183 | K8: 26600 | L8: 1235 | M8: 763
A9: 2 | B9: 7 | C9: Prof. Goldman | E9: 0 | F9: =G9/E9 -> #DIV/0! | G9: =sum(H9:L9) -> 0 | H9: 0
A10: 2 | B10: 8 | C10: B. Dautzenberg | E10: 2 | F10: =G10/E10 -> 4191.5 | G10: =sum(H10:L10) -> 8383 | H10: 6536 | I10: 1847
A11: 2 | B11: 9 | C11: M. Touvier | E11: 0 | F11: =G11/E11 -> #DIV/0! | G11: =sum(H11:L11) -> 0 | H11: 0
A12: 2 | B12: 10 | C12: P. Lemoine | E12: 4 | F12: =G12/E12 -> 4054.25 | G12: =sum(H12:L12) -> 16217 | H12: 692 | I12: 14600 | J12: 495 | K12: 430
A13: 3 | B13: 11 | C13: Maître Wang | E13: 4 | F13: =G13/E13 -> 564.25 | G13: =sum(H13:L13) -> 2257 | H13: 776 | I13: 477 | J13: 441 | K13: 563
A14: 3 | B14: 12 | C14: B. Gallix | E14: 0 | F14: =G14/E14 -> #DIV/0! | G14: =sum(H14:L14) -> 0 | H14: 0
A15: 3 | B15: 13 | C15: T. Riner & Julien Corvo | E15: 4 | F15: =G15/E15 -> 775 | G15: =sum(H15:L15) -> 3100 | H15: 474 | I15: 475 | J15: 785 | K15: 1366
A16: 3 | B16: 14 | C16: JD Chiche | E16: 2 | F16: =G16/E16 -> 1178 | G16: =sum(H16:L16) -> 2356 | H16: 1045 | I16: 1311
A17: 3 | B17: 15 | C17: O. Goy | E17: 3 | F17: =G17/E17 -> 938.66667 | G17: =sum(H17:L17) -> 2816 | H17: 744 | I17: 1155 | J17: 917
A18: 4 | B18: 16 | C18: Dr. Letombe | E18: 7 | F18: =G18/E18 -> 518.85714 | G18: =sum(H18:L18) -> 3632 | H18: 902 | I18: 87 | J18: 1080 | K18: 104 | L18: 1459 | M18: 136 | N18: 1018
A19: 4 | B19: 17 | C19: Pr. Doré | E19: 2 | F19: =G19/E19 -> 871 | G19: =sum(H19:L19) -> 1742 | H19: 1257 | I19: 485
A20: 4 | B20: 18 | C20: Pr. Sofiane Bentifallah | E20: 0 | F20: =G20/E20 -> #DIV/0! | G20: =sum(H20:L20) -> 0 | H20: 0

Sheet Instagram_Posts
A1: Season | B1: Episode # | C1: Guest | D1: # total Posts | E1: # total views | F1: Avg views per post
A2: 0 | B2: 0 | C2: Teaser | D2: 1 | E2: 294 | F2: =E2/D2 -> 294
A3: 1 | B3: 1 | C3: C. De Jaeger | D3: 1 | E3: 1400 | F3: =E3/D3 -> 1400
A4: 1 | B4: 2 | C4: T. Dusautoir | D4: 5 | E4: =4300+58000+2200+2700+664 -> 67864 | F4: =E4/D4 -> 13572.8
A5: 1 | B5: 3 | C5: M. Leboyer | D5: 1 | E5: 867 | F5: =E5/D5 -> 867
A6: 1 | B6: 4 | C6: T. Cambon | D6: 2 | E6: =668+1351 -> 2019 | F6: =E6/D6 -> 1009.5
A7: 1 | B7: 5 | C7: M. Cazeneuve | D7: 0 | E7: 0 | F7: 0
A8: 2 | B8: 6 | C8: J. Debbouze & Dr. Panichelli | D8: 5 | E8: =1800+2000+2500+2200+2000 -> 10500 | F8: =E8/D8 -> 2100
A9: 2 | B9: 7 | C9: Prof. Goldman | D9: 0 | E9: 0 | F9: 0
A10: 2 | B10: 8 | C10: B. Dautzenberg | D10: 2 | E10: =970+961 -> 1931 | F10: =E10/D10 -> 965.5
A11: 2 | B11: 9 | C11: M. Touvier | D11: 2 | E11: =970+813 -> 1783 | F11: =E11/D11 -> 891.5
A12: 2 | B12: 10 | C12: P. Lemoine | D12: 2 | E12: 2400 | F12: =E12/D12 -> 1200
A13: 3 | B13: 11 | C13: Maître Wang | D13: 5 | E13: 3500 | F13: =E13/D13 -> 700
A14: 3 | B14: 12 | C14: B. Gallix | D14: 3 | E14: 2000 | F14: =E14/D14 -> 666.66667
A15: 3 | B15: 13 | C15: T. Riner & Julien Corvo | D15: 6 | E15: 4200 | F15: =E15/D15 -> 700
A16: 3 | B16: 14 | C16: JD Chiche | D16: 3 | E16: 2100 | F16: =E16/D16 -> 700
A17: 3 | B17: 15 | C17: O. Goy | D17: 3 | E17: =1280+958+862 -> 3100 | F17: =E17/D17 -> 1033.3333
A18: 4 | B18: 16 | C18: Dr. Letombe | D18: 8 | E18: =1076+1466+1454+949+986+712+1419+2091 -> 10153 | F18: =E18/D18 -> 1269.125
A19: 4 | B19: 17 | C19: Pr. Doré | D19: 2 | E19: =1348+1372 -> 2720 | F19: =E19/D19 -> 1360
A20: 4 | B20: 18 | C20: Pr. Sofiane Bentifallah | D20: 0 | E20: 0 | F20: 0

Sheet Audio
A1: Season | B1: Episode # | C1: Guest | D1: Downloads FR | E1: Downloads EN | F1: Downloads Total
A2: 0 | B2: 0 | C2: Teaser | D2: 88 | E2: 0 | F2: =SUM(D2:E2) -> 88
A3: 1 | B3: 1 | C3: C. De Jaeger | D3: 672 | E3: 282 | F3: =SUM(D3:E3) -> 954
A4: 1 | B4: 2 | C4: T. Dusautoir | D4: 291 | E4: 185 | F4: =SUM(D4:E4) -> 476
A5: 1 | B5: 3 | C5: M. Leboyer | D5: 322 | E5: 116 | F5: =SUM(D5:E5) -> 438
A6: 1 | B6: 4 | C6: T. Cambon | D6: 244 | E6: 107 | F6: =SUM(D6:E6) -> 351
A7: 1 | B7: 5 | C7: M. Cazeneuve | D7: 298 | E7: 259 | F7: =SUM(D7:E7) -> 557
A8: 2 | B8: 6 | C8: J. Debbouze & Dr. Panichelli | D8: 255 | E8: 180 | F8: =SUM(D8:E8) -> 435
A9: 2 | B9: 7 | C9: Prof. Goldman | D9: 227 | E9: 126 | F9: =SUM(D9:E9) -> 353
A10: 2 | B10: 8 | C10: B. Dautzenberg | D10: 789 | E10: 123 | F10: =SUM(D10:E10) -> 912
A11: 2 | B11: 9 | C11: M. Touvier | D11: 348 | E11: 113 | F11: =SUM(D11:E11) -> 461
A12: 2 | B12: 10 | C12: P. Lemoine | D12: 423 | E12: 214 | F12: =SUM(D12:E12) -> 637
A13: 3 | B13: 11 | C13: Maître Wang | D13: 418 | E13: 229 | F13: =SUM(D13:E13) -> 647
... A20: 4 | B20: 18 | C20: Pr. Sofiane Bentifallah | D20: 182 | E20: 210 | F20: =SUM(D20:E20) -> 392

Sheet LinkedIn_Posts
A1: Season | B1: Episode # | C1: Guest | D1: Alan account | E1: Post 1 URL | F1: Post 1 Impressions | G1: Likes | H1: Comments | I1: Shares/Reposts | J1: Account (Alan/JCS/Guest) | K1: Post 1 URL | L1: Impressions | M1: Likes | N1: Comments | O1: Shares/Reposts | P1: Account (Alan/JCS/Guest) | Q1: Post URL | R1: Impressions | S1: Likes | T1: Comments | U1: Shares/Reposts
A2: 0 | B2: 0 | C2: Teaser | D2: Alan | J2: JCS
A3: 1 | B3: 1 | C3: C. De Jaeger | D3: Alan | J3: JCS
A4: 1 | B4: 2 | C4: T. Dusautoir | D4: Alan | J4: JCS
A5: 1 | B5: 3 | C5: M. Leboyer | D5: Alan | J5: JCS
A6: 1 | B6: 4 | C6: T. Cambon | D6: Alan | J6: JCS
A7: 1 | B7: 5 | C7: M. Cazeneuve | D7: Alan | J7: JCS
A8: 2 | B8: 6 | C8: J. Debbouze & Dr. Panichelli | D8: Alan | J8: JCS
A9: 2 | B9: 7 | C9: Prof. Goldman | D9: Alan | J9: JCS
A10: 2 | B10: 8 | C10: B. Dautzenberg | D10: Alan | J10: JCS
A11: 2 | B11: 9 | C11: M. Touvier | D11: Alan | J11: JCS
A12: 2 | B12: 10 | C12: P. Lemoine | D12: Alan | J12: JCS
A13: 3 | B13: 11 | C13: Maître Wang | D13: Alan | J13: JCS
... A19: 4 | B19: 17 | C19: Pr. Doré | D19: Alan | J19: JCS
A20: 4 | B20: 18 | C20: Pr. Sofiane Bentifallah | D20: Alan
